99.38401442,6915.97798,778.9994558,0.9703305,0.166130743,0.80012745,0.6573831,583.0238519,1385.793934,511.5858287,1724.022643,1434.765624,2726.118984,88.85109129,-11.07524477,1
117.4538352,9163.085938,761.7306122,1.0498601,0.196557629,0.9286276,0.7808584,391.4512955,1254.176562,354.4561919,1416.763471,766.512739,2227.0226,85.92163667,-12.18278324,1
78.30255682,3030.541817,246.8693424,2.386303,1.207165552,2.308427,2.182042,328.8366228,1537.927915,243.9454163,1880.32524,756.6813647,2815.865297,60.62083529,-17.12998946,1
112.3471467,7001.823203,616.2266667,1.8912446,0.954258708,1.7201806,1.249529,444.8208407,1067.481271,382.2580908,1320.680941,906.4653073,1832.746262,79.82110718,-10.58150757,1
103.359375,2837.637829,238.5457143,1.1632811,0.308189218,0.91764855,0.9216405,528.7719389,1603.442457,442.7414368,1819.400591,1349.603046,3143.866519,71.67618947,-10.90375024,1
151.9990809,6733.906709,565.28,0.8273268,0.174695378,0.77880615,0.65392846,540.2674953,946.5727006,399.6422263,1114.589392,1014.76448,1573.156382,97.10204193,-16.02760002,1
92.28515625,1335.566088,123.637551,2.045776,0.743265705,1.8569393,1.8518249,238.8446421,976.5545407,263.3523264,1044.779573,553.9647777,1720.589871,73.36239837,-9.541790496,1
129.1992188,5246.510778,429.9755102,1.8351018,0.893221987,1.7296722,1.5738143,461.1103386,1521.206397,308.2309732,1742.265293,948.5179744,2895.037297,65.92983414,-8.008895933,1
129.1992188,749.8928567,61.72734694,1.3784574,0.295022875,1.2538855,1.4182954,349.7162825,2917.593654,168.7158379,2667.814595,660.4672964,5883.314067,39.15690584,-6.025298536,1
117.4538352,4785.283923,416.5866667,0.6790962,0.146352323,0.6403409,0.5574585,558.683,1274.653774,460.3782037,1427.241026,1187.400192,2429.926735,89.97127792,-13.14886775,1
107.6660156,2268.325481,198.92,1.4102589,0.561736236,1.3556261,1.1842157,349.7334863,996.9547924,397.0717232,1387.265721,1049.992489,1787.617804,85.95153654,-11.11614466,1
80.74951172,4278.152752,344.3461224,1.3255595,0.287749974,1.1892537,1.0947332,388.2850518,1758.831825,318.0145963,1712.026596,791.0894724,3297.783197,69.32839189,-10.14189244,1
83.35433468,5121.234684,474.4666667,1.7822945,0.356837738,1.4979401,1.5239149,618.5099025,1303.253225,546.6458858,1475.963067,1458.049271,2408.896693,65.60225488,-7.138733337,1
117.4538352,3639.184165,292.1012245,1.9099872,0.455217292,1.6121432,1.6194636,421.7436252,1622.155776,311.0866592,1744.255196,990.0147879,3008.711401,66.96649365,-7.861899429,1
129.1992188,4716.974979,405.0808163,1.230391,0.407403506,1.1929483,0.95660686,284.8406356,1204.737102,302.3690118,1066.317978,563.9720735,2053.524049,89.94076844,-14.17928783,1
117.4538352,1646.978587,145.8677551,1.5959255,0.583026908,1.4685912,1.2473865,849.5461384,1773.095949,601.0026532,1630.398117,1486.343605,3151.57603,77.38209382,-14.33269972,1
123.046875,3031.029835,249.7044898,1.5032665,0.471953768,1.3008084,1.1298006,482.9795088,1266.317372,406.0542887,1531.354749,1032.647997,2409.116704,79.07509698,-11.20540328,1
117.4538352,2305.695039,205.2405442,0.95730203,0.173550016,0.92312986,0.7916632,707.2763697,1137.524996,366.4684553,1258.268092,1269.641058,1900.288732,94.84080756,-17.75121289,1
107.6660156,2146.045463,183.04,2.536985,0.567955702,2.0948734,2.3372006,361.2179412,1551.766231,364.6675211,1857.892941,905.0567197,3123.267782,55.8527598,-3.149981438,1
129.1992188,1079.720798,93.20489796,0.7428071,0.127620312,0.7294462,0.6174458,246.8729996,1050.385819,254.4814885,1338.299731,527.6095005,1784.169344,96.86395201,-11.21492077,1
172.265625,772.3284253,68.2,5.5751934,3.83776853,5.059038,5.2444105,469.0420688,1697.01109,428.471862,1701.413331,885.8191648,3209.352422,45.30589937,-0.937354425,1
129.1992188,8793.417224,797.5444898,2.6630769,0.875728614,2.3435342,2.1412828,399.0670266,1190.51506,346.0824622,1263.770679,826.326697,2174.272681,68.55577536,-8.646265664,1
103.359375,2404.802856,197.9820408,1.645281,0.661216499,1.457205,1.3735797,148.4626176,737.6333028,184.0789657,748.7651131,275.9635693,1207.796277,88.97016684,-9.894781059,1
107.6660156,3105.019621,263.7844898,2.2681546,0.923074791,2.0921364,1.9953012,291.6689442,858.6722842,242.1776143,812.4872669,507.8231996,1573.095162,78.30991109,-10.52269069,1
123.046875,1865.794004,155.0367347,3.615853,0.929423568,3.0497723,3.1957655,633.9221293,789.7507609,331.6471637,833.7783257,1079.206421,1303.442485,78.22600016,-4.287958634,1
143.5546875,3828.818829,313.2,1.6015631,0.498236758,1.3751707,1.3328086,550.4575591,1325.575588,412.8703283,1580.793765,1221.737687,2395.10391,74.53398629,-8.341275145,1
112.3471467,3561.615585,297,2.0153003,0.926354634,1.7937235,1.5714259,639.5155687,1123.114116,368.2602747,993.4590152,1116.052728,1802.723537,79.84962868,-11.38098122,1
151.9990809,3592.604026,309.5733333,1.0985441,0.254369897,1.0504732,0.86055666,157.2441455,657.7238206,241.8663002,690.5476755,364.5652848,985.817107,102.1111742,-15.80362542,1
135.9991776,5932.971401,484.1707937,1.3403006,0.291917041,1.2182202,1.2036594,239.0494699,979.6477534,280.8396373,1074.191791,518.1013008,1618.184278,82.57489906,-12.81666468,1
107.6660156,2331.990684,196.9632653,0.4068225,0.046798377,0.34710234,0.30678272,590.4052064,1472.139924,404.0006625,1886.66694,1395.049685,2694.733271,103.6049256,-14.73852031,1
103.359375,1266.1113,106.1616327,0.9099112,0.142705806,0.8620104,0.86139464,444.625323,1691.505606,417.3078419,2155.559822,1213.396673,3527.664171,70.46382323,-12.12770601,1
129.1992188,3011.328414,250.9061224,2.7101748,1.588488525,2.4408522,2.2769394,544.7494723,1078.25298,349.8739841,1149.646863,998.2107118,1917.911748,70.77361585,-12.22726797,1
112.3471467,2073.121023,190.8244898,1.90295,1.071785735,1.815032,1.5918024,278.0501069,665.4826097,377.2672194,695.3539084,698.1370368,1106.456618,84.58934559,-11.23494471,1
143.5546875,3558.325323,296.2377778,1.115106,0.19669224,1.0595874,1.0683736,298.6899877,1589.796466,226.570052,1778.741485,549.52314,3102.508733,66.72432619,-8.066356219,1
123.046875,5219.504646,481.3844898,0.5414986,0.065812569,0.49302265,0.35228047,300.6049916,1143.160976,344.8104712,1413.196709,730.6169529,2087.454594,104.5810589,-15.38244312,1
112.3471467,1911.325838,156.4666667,2.508605,1.218393175,2.003235,2.0778217,458.9048303,1488.839093,341.3144881,1519.648542,979.5703396,2676.082834,67.87466217,-8.796584577,1
143.5546875,5204.434057,426,2.0588791,0.910962493,1.908719,1.6756922,460.7184007,1246.563424,449.4661023,1333.099814,994.568669,2232.38415,69.96342814,-10.48960038,1
92.28515625,4545.076593,394.997551,1.1541234,0.26335107,1.0650054,0.92629373,170.1602131,570.1034324,197.9112427,583.3588694,316.367944,882.8518349,101.1902471,-13.39862229,1
117.4538352,1623.802195,132.9632653,2.6516423,1.529638851,2.634421,2.435997,533.3879956,1642.976063,347.1337575,1598.930586,982.9269351,3183.947466,58.14898081,-8.910325434,1
95.703125,5536.657711,455.3665306,1.4191588,0.232912224,1.1913629,1.1025646,380.7649172,1354.983333,402.9658152,1473.785617,978.3374267,2564.475262,82.34519588,-12.64210905,1
151.9990809,3844.435101,316.2122449,1.7550889,0.527037478,1.5368489,1.3898153,436.9006053,1516.114571,403.6102426,1674.768548,1125.365585,2826.442013,73.87801224,-9.906612794,1
103.359375,4105.959884,387.3697959,0.79155904,0.183286175,0.7473475,0.6047466,188.1312583,723.9170238,243.8441002,946.0711349,439.4327493,1156.532941,104.0474418,-13.21776593,1
135.9991776,4902.821126,470.6742857,2.7218382,1.147824218,2.4439433,2.346945,331.2430423,1085.3636,276.237907,1354.936649,775.3558995,2074.756148,68.7303065,-5.63390879,1
99.38401442,2680.152809,227.2130612,0.90189946,0.220214311,0.8566571,0.750592,522.6715937,1388.688986,487.8066921,2055.244772,1629.824133,2775.489277,89.81795213,-7.466464339,1
123.046875,3945.851526,333.7333333,1.2720712,0.271206853,1.1626835,1.0901984,367.4817037,1054.507614,427.6956389,1286.143147,948.5073139,1908.490804,82.08416869,-13.66462618,1
151.9990809,1746.203755,169.8,0.6589285,0.111117183,0.56107813,0.57942766,91.67590861,526.693291,182.5476317,667.6223606,195.8288189,828.1920794,111.7428365,-12.23140634,1
123.046875,3463.085616,286.7106122,0.62786794,0.092930555,0.6115598,0.5513861,515.4972152,1827.749347,288.7551935,1821.595002,911.1942563,3473.589216,83.85768861,-10.01049735,1
86.1328125,1242.568236,127.3629025,0.2717247,0.018009605,0.25915188,0.21756646,261.0449265,741.7721964,506.6641266,1253.098654,797.2677499,1143.369517,129.7102947,-17.5276795,1
99.38401442,1862.611568,156.2533333,1.1975433,0.185813032,1.1613673,1.0001938,273.703542,1086.099769,261.1873723,1364.199038,621.9370972,1887.95318,83.94394543,-10.04820955,1
161.4990234,8300.880157,675.8,2.082169,0.620846944,1.767872,1.3996099,640.3943888,1440.228786,558.0691502,1864.645693,1680.33912,2853.365819,82.14750831,-8.022265699,1
112.3471467,2945.985105,240.3526531,1.8466114,0.383347912,1.4731272,1.5307623,496.3118695,1275.429843,418.6353992,1396.678458,1038.324644,2323.436153,72.95317267,-7.006966847,1
123.046875,2915.884416,246.0473469,0.48552272,0.041280132,0.46001577,0.38866878,490.220452,1268.533884,436.679016,1589.679609,1065.454808,2333.345165,104.3675006,-16.75851315,1
161.4990234,2360.129407,201.16,0.7573008,0.08308467,0.69047666,0.57641447,588.872372,1716.985722,360.5207757,1718.155539,1256.04499,3200.844534,85.10988655,-13.59392389,1
123.046875,2512.179992,208.4526077,1.4224018,0.296784115,1.2488337,1.2443571,593.7800843,2392.697167,349.0906188,2281.415856,1157.676284,4740.130051,54.33155957,-4.663411205,1
135.9991776,2560.756787,216.8933333,6.3013287,4.093756383,5.0450015,5.830913,970.7608317,2366.769857,673.2198999,2457.321566,2098.572796,5114.248699,43.14896688,0.470296295,2
117.4538352,2661.782434,224.8133333,5.46442,1.989182802,3.9445672,5.5486264,798.3774948,2409.952812,429.9021544,2462.712929,1595.035977,5065.378005,34.25737188,5.334712451,2
112.3471467,2456.525027,212.5090249,5.007802,1.840570785,3.3329673,4.8257785,945.224302,2411.216072,579.7851729,2479.323828,1858.046338,5141.617454,39.48223848,1.704210351,2
86.1328125,2047.371064,167.2359184,6.1107864,3.013902167,4.5040255,5.7435822,785.4577514,2585.799864,332.3792849,2586.535717,1396.900503,5472.11366,34.17455543,1.75572268,2
89.10290948,3083.410585,252.9194558,7.290487,3.653150383,5.4230065,7.6157293,579.7591756,2397.439397,320.4634027,2385.444454,1211.371738,4842.298079,28.24250831,5.398828037,2
103.359375,2134.587351,185.44,7.8807907,4.911985688,6.286792,7.8884263,695.048933,2256.745183,481.4918552,2412.851837,1561.378851,4809.000252,34.29451796,4.531519914,2
86.1328125,2843.846527,236.9066667,7.4319673,5.118313058,5.743785,7.235563,929.3536831,2087.852212,584.0873956,2293.04301,1936.329246,4314.940078,37.96499303,1.73320066,2
107.6660156,2458.7982,211.4612245,8.531775,5.936364459,6.4222846,8.100311,863.8583861,2101.363398,602.3280929,2356.461663,1941.428198,4472.516277,39.11266376,2.152562432,2
129.1992188,2584.301226,220.9306122,6.9656076,3.513542788,5.3317475,7.3217454,719.6333734,2439.807843,448.3367716,2324.104768,1403.675599,4895.901311,29.90290284,5.756872664,2
129.1992188,2342.535625,197.28,7.8484383,5.646845196,6.3133454,7.9075603,822.2109715,2108.101298,620.8052475,2201.975806,1792.81701,4343.750365,38.29724812,3.194006785,2
86.1328125,2255.166942,192.2089796,7.6039863,4.015505218,5.2525487,7.537762,812.4710992,2420.671558,473.0459376,2503.365802,1644.149977,5156.64678,32.69087286,4.019032449,2
129.1992188,2108.557345,180.6628571,6.7103252,3.452050862,5.1615005,6.80317,679.6612998,2053.29297,476.1079219,2310.738854,1502.101415,4341.258134,35.30760853,5.187450011,2
86.1328125,2281.526571,193.802449,7.243643,4.20302639,5.6574903,7.4719043,642.8471622,2466.817047,383.5803133,2524.315673,1421.094723,5257.7919,29.7704459,6.05179105,2
92.28515625,2295.260831,187.92,6.779704,3.618914044,5.1544623,6.965085,678.8407063,2721.714066,311.9397538,2609.714145,1207.271937,5699.900588,27.61110387,4.61159658,2
129.1992188,2950.82247,241.5333333,6.350615,4.079186784,5.3131933,6.3013425,671.0891047,2365.366115,357.5239398,2393.831085,1287.559866,4913.828513,31.36311348,2.641992563,2
143.5546875,3046.895697,250.3706122,6.9010844,3.107144166,5.202565,7.1709604,656.312257,2724.767784,346.6057238,2616.6795,1239.293643,5751.249365,28.93208875,3.690839285,2
86.1328125,2307.129558,193.1333333,5.653155,2.723182553,4.558144,5.676426,720.9417556,2388.764084,432.6570292,2401.16137,1480.349281,4998.665947,36.24460886,1.659068996,2
80.74951172,2543.873714,218.2,8.048684,5.325642732,6.5533466,8.054836,641.4966502,2139.070042,482.1862641,2308.132539,1555.338214,4450.643634,34.57119739,4.367051505,2
92.28515625,2388.678867,204.92,5.667288,2.513746183,4.0423064,5.325016,914.0499689,1874.397363,637.65601,2300.747313,2138.60122,4160.642531,46.00157632,2.603315815,2
92.28515625,2427.332812,199.6538776,7.1172876,3.965489409,5.5649023,6.869538,694.904661,1947.324189,367.9377251,2267.231355,1376.262473,4098.52556,35.6817701,5.831474084,2
135.9991776,2416.106579,196.7466667,8.012618,5.060835265,6.311718,8.23021,758.6324903,2597.744811,384.8229063,2580.413647,1493.348286,5444.239949,30.66189113,5.088389139,2
75.99954044,1976.251105,163.8703401,7.121715,3.484309086,4.868116,6.362251,975.9152373,2535.220819,575.167838,2515.414173,1876.854768,5289.290563,34.69749883,1.773807918,2
103.359375,4597.09135,395.6244898,4.074211,1.155238813,2.8909194,3.9742866,556.4288388,2368.632888,325.498938,2149.602527,972.216625,4586.275282,33.87718521,0.626701419,2
129.1992188,2555.745215,220.32,6.068961,2.993608458,4.754291,5.951952,775.4228135,1997.06315,519.4436518,2108.42418,1640.004685,3924.926079,39.65298738,2.43910237,2
86.1328125,2456.890696,205.4533333,5.499305,3.203177385,4.690136,5.1376534,903.1973597,2030.059149,628.3246372,2350.812618,1995.991134,4380.7877,42.21998379,1.056073649,2
117.4538352,2582.169363,210.8266667,5.386176,2.364719488,3.8620667,5.3939385,807.3309022,2505.860613,484.9557812,2494.414089,1694.327526,5203.499721,31.45057611,1.912270134,2
161.4990234,2712.060781,227.5918367,8.244957,6.953759487,6.770087,8.11248,800.4431824,2099.329235,481.6186703,2440.262894,1787.229426,4673.353139,35.99595451,5.893249003,2
95.703125,2766.136492,227.6933333,6.276953,2.959992243,4.5144954,6.3892612,693.0787692,2799.283605,289.0945826,2705.770156,1186.358848,5975.271724,25.29280523,5.792492435,2
107.6660156,2655.158181,226.6644898,6.3636003,3.291575741,4.925453,6.435677,726.7742158,2222.596597,470.6512383,2386.266565,1564.089444,4736.237071,34.65913753,3.030737487,2
112.3471467,2342.582749,195.48,5.46848,2.472099985,4.208592,5.159641,653.460464,2106.809031,391.2010977,2147.101948,1392.372452,4009.802645,43.0125613,1.034730281,2
172.265625,1907.708133,165.7208163,7.239587,3.839420615,5.3155684,7.250108,619.58099,2468.174606,319.1639113,2396.972706,1228.023544,4979.18971,31.58841117,3.699391353,2
129.1992188,3536.705085,290.68,4.9926515,2.91174656,4.261856,4.5740314,938.9253535,1946.845021,617.7960901,2260.075674,2091.921371,4087.04891,48.99767975,-0.317954044,2
123.046875,1998.009513,163.6571429,2.0778139,0.41025845,1.2215285,1.7712933,1267.450981,2065.463681,536.589352,1855.791525,2005.291837,3760.54222,67.1780087,-9.755904534,2
83.35433468,2242.294588,184.08,5.7313704,4.034831437,4.4188747,4.9959726,1029.062194,1799.478209,749.1040985,2138.355413,2311.160664,3828.8591,52.10633858,-3.705765066,2
95.703125,2129.951653,182.5194558,6.860745,4.262673517,5.5279875,6.430651,836.3062742,2039.108835,547.3525455,2375.55249,1923.79993,4469.737998,41.97765874,0.868945519,2
172.265625,2672.305198,232.1763265,1.9002851,0.289842534,1.363338,1.7842832,801.613965,2090.017824,583.0052396,2323.595902,1736.458031,4379.028794,57.39701426,-3.452041257,2
86.1328125,2237.917232,182.96,5.496648,3.01236113,4.1791077,5.377646,887.7162231,2798.123126,374.4220498,2819.497803,1621.39922,6136.376739,33.48488311,2.885357643,2
92.28515625,2189.762265,180.2522449,7.6154037,4.721124812,5.800892,7.2962766,845.6340112,2026.571326,645.7582413,2272.862832,1971.281268,4389.89282,42.26576206,1.819605977,2
107.6660156,2384.331455,205.12,4.9710464,1.973662941,3.953622,4.8367023,767.1865935,2211.978155,503.0188329,2443.317851,1691.330683,4896.14192,39.88252566,1.91003331,2
89.10290948,2242.02535,187.8133333,6.191533,2.802977336,4.684721,6.0467663,916.6701734,2587.813062,399.5797222,2583.694735,1646.074322,5448.175911,36.83663567,4.080038972,2
117.4538352,2443.487772,205.84,8.101136,4.714072545,6.2101784,8.133966,706.4233308,2157.806436,529.1716065,2356.12604,1598.621203,4663.43232,33.9461109,6.396332448,2
161.4990234,2283.782085,190.7733333,9.4207945,6.24960649,7.0428915,9.856402,848.5238478,2492.7094,499.6947437,2437.142868,1668.724115,5166.746106,32.17701205,7.324227772,2
135.9991776,3286.933176,269.4666667,6.003661,2.881402116,4.8270173,6.1300955,517.3731304,2206.440681,384.3315444,2305.651715,1211.484871,4419.52712,33.14107413,3.029756444,2
103.359375,2471.967761,205.72,8.106047,4.388622115,5.963746,8.013365,619.3090358,2413.600117,337.7666887,2371.933807,1231.592505,4870.749787,32.69825711,5.073452347,2
129.1992188,2695.301013,229.4133333,8.35364,5.480548971,6.332212,8.327523,818.7232038,2061.881243,535.4084501,2434.950944,1888.287699,4569.409555,34.82218123,5.464034655,2
151.9990809,2391.884103,206.5763265,7.3027687,4.422364389,5.515649,7.103751,849.3536577,2036.223692,637.5233317,2136.331334,1885.729973,4252.604314,40.8312071,3.872816884,2
54.97839096,2793.943169,230.6,6.497033,3.887733556,5.1460824,6.13141,861.6508011,1635.269242,546.267118,2031.310896,1787.776879,3455.863379,45.98233735,3.112623321,2
89.10290948,2507.353225,212.4454422,5.754158,2.665590844,4.471446,5.641294,1031.956136,2392.483073,583.6017474,2468.30276,2048.815469,5040.687516,38.1029111,2.521476271,2
129.1992188,2237.830734,193.3583673,6.0893774,3.128426205,5.0048,5.957353,796.6546347,2214.372857,458.5036694,2252.782611,1581.158553,4456.487465,36.83132919,3.074578615,2
123.046875,2302.953369,188.2533333,6.924016,4.424374108,5.6148796,6.919619,727.1317551,2673.035211,358.9577306,2585.950718,1417.864494,5553.925124,28.73196964,5.400124353,2
99.38401442,2185.598511,182.6933333,7.9183116,4.869706649,5.7096486,7.9316874,906.0201133,2696.270796,480.2189155,2641.885214,1752.253338,5761.367505,30.77360395,4.706905205,2
103.359375,2159.920121,187.4666667,7.248123,4.108412968,5.250469,7.1893888,771.3605307,2438.629834,463.9619268,2422.886688,1562.792935,5063.911159,35.25184723,4.080855315,2
89.10290948,2925.184036,243.6927891,5.054304,2.025534038,3.900069,5.0162244,744.940323,2826.450215,332.2149215,2613.620388,1359.971682,5721.194593,34.8139978,1.151002186,2
123.046875,2592.735682,214.9466667,6.387276,2.959237246,4.8147078,6.273237,744.749764,2101.708388,509.0819119,2351.358912,1750.068908,4455.390001,36.27655914,3.137061074,2
112.3471467,2610.799235,219.9733333,7.381361,4.114720715,5.883115,7.562043,799.3892655,2536.917766,391.9181594,2642.102499,1516.977103,5607.366329,30.6635854,6.044381137,2
99.38401442,3019.451038,255.48,5.0781198,2.049816156,3.7541354,4.837405,740.2145533,1982.308798,499.205897,2130.04342,1631.93861,4038.427681,42.02152875,2.685545584,2
151.9990809,2644.71167,224.2933333,6.628769,3.340788905,5.2238913,6.5785756,732.9321323,2082.909532,510.2837097,2273.014551,1619.07139,4321.514362,37.98035382,4.339206065,2
103.359375,3584.917647,297.5866667,6.965185,3.760776264,4.9279127,6.9834623,896.8685937,2690.529692,454.5663309,2591.627227,1574.967097,5583.169264,30.23697974,4.225199886,2
135.9991776,2495.662974,211.4933333,7.2185802,4.136676218,5.383329,7.496909,880.3045448,2744.694918,484.2799845,2534.955363,1577.936723,5650.955257,29.9118427,5.692256037,2
78.30255682,2945.683931,241.1885714,7.84302,5.179795339,6.3355007,7.7408648,763.398135,1904.341201,527.6555916,2241.404022,1819.592695,4059.336306,37.25754289,4.860204736,2
129.1992188,3893.702687,320.9066667,3.721273,1.273694567,2.8817854,3.7948406,778.2216783,2998.162068,382.2336157,2633.420629,1309.789776,6004.472384,32.48270329,1.139288405,2
151.9990809,2625.869653,222.4587755,4.6571064,1.713527685,3.1497543,4.045611,790.9113746,1840.264783,527.368105,2103.581152,1755.643741,3771.967213,48.08761901,-0.235145871,2
89.10290948,2395.323385,201.84,6.848945,3.146571374,5.1926713,6.9476247,642.972571,2082.433097,426.790341,2254.219006,1425.089495,4296.312466,33.85186647,6.524764634,2
135.9991776,1664.794199,138.0666667,4.4178843,1.42177495,3.1046968,4.384871,530.4013864,2074.235563,420.4666035,2032.726279,1190.729149,4036.89625,39.99368978,1.989838654,2
99.38401442,2260.00516,185.2342857,8.707007,5.853162662,6.5874715,8.967757,745.6494476,2568.265989,363.9479493,2594.245162,1368.979199,5646.17833,28.4905952,3.919665282,2
112.3471467,3029.905331,253.2,5.4914303,2.42273609,4.126312,5.4035835,636.5017633,2210.739702,412.4934342,2433.678183,1373.584702,4832.728075,34.27084522,4.343003858,2
103.359375,2252.29489,188.96,5.9649982,3.218466781,4.823074,5.4360323,950.0180358,1759.880437,676.3004645,2199.242812,2206.174541,3754.571157,48.36566578,-0.601105216,2
112.3471467,2251.573068,191.5333333,6.544604,2.40743768,4.443916,6.8578987,675.4636478,2603.326248,400.8101849,2435.093444,1318.896275,5334.954838,31.60459165,5.246268389,2
73.828125,2939.770907,238.1040363,5.9375243,3.017957009,4.6695123,5.9118433,579.7486313,2085.337214,364.8362942,2270.789177,1279.267241,4329.139725,32.1528857,2.027354949,2
172.265625,2100.160719,187.8133333,6.7456355,3.794024535,5.3990436,6.603896,839.8346768,1901.784075,657.6961714,2227.181686,2017.317972,4114.553486,44.23615498,4.0794414,2
103.359375,2141.009237,181.2,5.904131,2.778349426,4.3838367,5.643816,965.7936239,2474.665732,523.8254346,2500.440915,1809.204296,5255.899215,37.80336887,0.735683066,2
103.359375,2295.220996,190.24,6.7568107,3.444167353,4.539291,6.550818,845.5268692,2733.514887,332.3374418,2620.433726,1480.816274,5736.729951,29.76020358,1.487950287,2
161.4990234,2093.33786,179.5066667,6.8707895,4.003401427,5.3145404,6.3521533,1023.229981,1939.492507,567.3006312,2287.478281,2107.100724,4050.118091,46.02512445,2.189115509,2
161.4990234,3133.620317,262.4,5.080183,2.527213934,4.090579,4.592284,912.8751841,2324.835698,481.640446,2348.447144,1847.208551,4695.982697,45.88147914,0.607155022,2
151.9990809,2659.976513,226.1733333,6.7029176,3.255945322,5.050971,6.8406324,791.2390924,2278.181806,481.7595706,2399.738108,1724.114744,4812.412261,34.0364978,5.724791679,2
172.265625,2301.364625,190.2266667,7.0620294,4.682164108,5.209865,6.827299,880.0969884,2527.152521,536.1870538,2553.387031,1741.389429,5424.074045,33.80179381,3.021851448,2
129.1992188,1910.846866,157.08,6.9480376,3.140082222,5.2961082,6.5756917,867.2889968,2662.086355,416.1376628,2672.782902,1613.261774,5747.840563,31.8223585,2.917518086,2
83.35433468,2687.093173,231.0530612,7.4177613,4.295826201,5.8749027,7.5417366,642.2853169,2328.126613,401.8127978,2466.498128,1414.633311,5028.199847,31.55587733,6.615557565,2
86.1328125,2281.526571,193.802449,7.243643,4.20302639,5.6574903,7.4719043,642.8471622,2466.817047,383.5803133,2524.315673,1421.094723,5257.7919,29.7704459,6.05179105,2
99.38401442,1973.903955,165.3866667,6.4188285,4.089781877,4.953048,5.9167323,1042.765208,2097.002538,548.0418571,2313.604098,2109.61452,4283.913316,42.70212796,0.239358339,2
184.5703125,2876.519105,241.3333333,3.205068,0.773773993,2.0674238,2.8286746,851.901483,2092.40854,509.5784096,2376.735815,1843.400151,4456.224292,52.0017255,-1.325340504,2
143.5546875,2657.194678,226.8294785,7.908883,4.635287639,6.0311174,8.045979,826.6633902,2397.765818,489.9453856,2443.544104,1639.485735,5050.082784,34.4568652,4.747022228,2
135.9991776,2567.595952,221.4661224,6.410246,4.532053319,5.140315,6.335219,745.9995309,2592.621907,445.0399819,2636.675486,1566.812399,5676.344693,31.58378612,3.284379676,2
117.4538352,2661.782434,224.8133333,5.46442,1.989182802,3.9445672,5.5486264,798.3774948,2409.952812,429.9021544,2462.712929,1595.035977,5065.378005,34.25737188,5.334712451,2
161.4990234,2700.452911,226.450068,6.2159204,3.793451762,4.9391947,5.9058185,915.1727797,1857.505893,630.3682117,2279.746323,2071.279494,3998.317082,43.47002363,-0.430944999,2
95.703125,2766.136492,227.6933333,6.276953,2.959992243,4.5144954,6.3892612,693.0787692,2799.283605,289.0945826,2705.770156,1186.358848,5975.271724,25.29280523,5.792492435,2
172.265625,2131.605918,183.44,5.0747004,2.12668962,3.587774,5.196823,914.8955411,2749.075369,403.8224184,2617.213987,1591.923006,5723.560003,32.6905499,3.215922194,2
83.35433468,2131.293581,184.1110204,7.7871375,4.432856185,5.918862,7.8870454,689.6425649,2100.478954,465.1078481,2384.955328,1609.090158,4530.881917,34.17529629,4.651710223,2
112.3471467,2089.213015,179.2933333,7.1116915,4.310558184,5.5920095,7.051397,732.4198875,2468.600405,405.1248675,2501.170196,1423.819305,5195.300748,32.62353032,4.22657191,2
172.265625,2478.840818,206.5866667,5.382432,2.158354985,3.9885187,5.443742,627.9127663,2562.366419,333.0500273,2422.750017,1235.680531,5017.048757,33.86039945,1.059389834,2
117.4538352,2336.549386,194.4133333,7.523461,3.795464878,5.3791637,7.1365743,824.3984232,2248.703242,444.09704,2450.554013,1678.053463,4691.004315,33.90140535,2.467725924,2
135.9991776,3095.396054,260.3466667,6.846767,3.437929759,5.3324623,7.007855,688.7724008,2213.010032,460.086015,2227.084836,1431.494701,4463.338702,31.88376486,3.371801482,2
135.9991776,2295.232215,191.0595918,7.228745,3.863436071,5.5340204,7.3151827,766.9139548,2341.073392,394.1753017,2465.251577,1420.096304,5073.775051,32.35879829,4.905630509,2
143.5546875,2641.505853,225.6933333,6.6389613,4.274424514,5.3058367,6.2516637,1046.936669,2196.240307,583.2845864,2385.11297,2020.197269,4697.648813,37.78691618,3.240532255,2
129.1992188,2695.301013,229.4133333,8.35364,5.480548971,6.332212,8.327523,818.7232038,2061.881243,535.4084501,2434.950944,1888.287699,4569.409555,34.82218123,5.464034655,2
143.5546875,2377.565956,203.2933333,8.035156,5.390215602,6.426573,8.094594,783.796231,2087.318271,500.7443622,2357.697842,1678.849717,4465.058207,35.3750955,3.839600242,2
95.703125,2262.543862,186.2791837,4.565611,1.614354327,3.2718666,4.278353,845.0456637,2772.872932,411.6668538,2775.062844,1725.788716,6101.912054,33.21871274,1.591257491,2
117.4538352,2368.613239,197.8661224,6.472643,2.969045591,4.164599,5.9318123,906.7782569,1940.554348,481.3638673,2244.586295,1832.63867,3980.463891,40.58465349,2.876806351,2
135.9991776,2543.038931,211.3066667,3.7572675,1.542698478,2.757631,3.4679968,810.1648327,2587.144029,463.9867256,2407.869541,1538.06012,5085.512742,40.8996662,-1.236471806,2
78.30255682,2256.970001,194.1866667,7.4985642,5.159979141,5.8475113,7.2560506,726.3298579,2034.61231,530.1184758,2333.632342,1826.961256,4400.609896,37.41461273,2.491518044,2
151.9990809,2048.908192,179.0777778,5.898819,2.644304609,4.226405,5.636986,720.735641,2038.121179,558.0755606,2304.185238,1721.694296,4295.86146,40.4092978,2.662319008,2
95.703125,2499.807298,218.7333333,8.384844,5.407193288,6.5155344,8.100412,808.0502931,2204.753314,499.567736,2442.48137,1732.923398,4769.107361,37.21587072,5.627078017,2
123.046875,3130.470379,292.9371429,8.185812,4.58166964,5.3100047,7.154867,777.7511547,2238.166082,398.7122183,2498.118388,1540.66086,5026.690387,35.31854153,4.210758976,3
123.046875,2234.603878,184.9208163,6.989697,2.924599552,4.7094145,6.381649,1032.236515,2268.766733,629.6991427,2444.936507,2234.558054,4675.998328,37.50118575,1.534727127,3
123.046875,2621.506294,217.2342857,6.9420853,9.266234012,5.627355,6.309714,1022.161493,3152.779352,442.0021728,2796.866159,1725.591507,6474.320242,31.61573424,-2.465118157,3
123.046875,2683.666984,230.5828571,7.583432,5.584695426,6.181751,6.870581,973.7516019,2305.417967,668.3261902,2482.038615,2233.600586,5022.222291,36.64213606,0.159055233,3
123.046875,2112.768621,177.0318367,9.265143,6.989829244,6.8289447,9.274828,726.029232,2677.407306,470.0245734,2614.083306,1595.211902,5702.4285,28.99996201,4.695186236,3
95.703125,2391.937564,202.4780045,7.849239,6.576999261,6.023137,7.583602,1060.910385,3012.561019,514.7623054,2724.220232,1913.258455,6219.611774,33.77502569,4.128969945,3
184.5703125,1461.053675,183.7453061,7.5696735,16.44667438,6.85019,5.536056,1014.796821,1479.567054,766.4335776,1798.214285,2250.146137,3047.462492,57.92633392,-0.993196818,3
99.38401442,2922.254644,236.7738776,2.8913004,0.56351537,1.9593939,2.8045099,1065.232857,3214.692762,639.2516484,2658.778686,2057.318812,6364.43823,39.79933829,-4.523077507,3
129.1992188,2047.811954,166.922449,9.097262,6.215065957,7.5920153,8.621134,1020.882,2932.301,583.0667215,2717.19453,1981.219756,6210.022721,30.24952788,5.893699762,3
129.1992188,1824.921824,151.1967347,5.909586,2.106645067,4.8918395,6.152623,824.8882591,2945.652006,444.79569,2894.187535,1666.858975,6577.5272,26.01833688,7.662013431,3
129.1992188,3484.267049,280.7902041,8.050958,9.179300238,7.151899,7.860463,1340.005876,3534.284252,455.4224114,2796.418394,1958.075622,6753.496619,25.54829314,5.101384007,3
129.1992188,2190.154924,182.3608163,6.8858447,3.901145056,5.681589,5.7763352,951.2705499,2245.982045,661.5075671,2382.322706,2076.172566,4865.252327,39.81976355,0.568065082,3
123.046875,2338.487827,197.7991837,7.823733,4.009741331,6.575867,7.115612,1070.410813,2895.918156,638.8726332,2364.524138,2014.895421,5572.443645,34.70746138,0.601137675,3
129.1992188,2549.384972,210.5208163,8.503471,3.762698456,7.18768,8.22415,740.6438796,2793.176213,391.8060163,2743.133171,1552.649915,6087.312079,25.57406286,6.921511341,3
129.1992188,3407.360714,285.0481633,8.26308,4.694963482,6.846888,8.20449,837.553397,2695.702899,487.2543749,2624.068892,1712.986063,5827.360611,28.94472572,5.36669356,3
129.1992188,3180.094255,258.9257143,4.0306807,1.386385803,3.5515783,3.9831512,896.8327705,2680.429913,467.4618062,2665.438891,1803.32819,5802.687524,31.83312852,3.810927731,3
129.1992188,4639.954519,382.5632653,9.395509,7.738997944,8.123916,8.837989,1237.105178,2898.685061,531.2182561,2738.001168,2131.669541,6078.803246,32.65995914,4.191654302,3
123.046875,2254.356955,192,7.1937327,4.245889836,6.030508,6.8434677,792.3282179,2417.231559,559.0998888,2407.48705,1716.452208,5051.361598,33.59750289,2.761140869,3
123.046875,2559.912334,211.4089796,7.967808,4.472979266,6.3912077,7.8404055,1076.312033,2604.960424,560.8634854,2570.013398,2086.805533,5534.073408,29.35887981,4.356559376,3
172.265625,4853.759578,413.0742857,8.1408825,6.464201616,6.116353,7.628969,1044.697127,2964.037839,584.0542144,2684.277854,2044.273054,6123.138187,32.6087292,2.863928867,3
172.265625,2097.878563,187.0106122,9.654993,7.358499566,6.7570386,8.524646,1120.873287,2616.271679,592.6820782,2693.034975,2301.139406,5643.832754,35.67909957,2.980159215,3
129.1992188,5009.204846,419.1346939,5.474985,1.707126437,3.529097,5.259409,801.1596466,2875.606783,363.1562602,2795.212706,1473.662366,6232.251281,30.92729528,3.603404556,3
123.046875,2440.077665,199.0791837,10.07176,6.671135878,7.3411837,9.91446,1048.125855,2905.292995,597.3097302,2612.91013,2047.682554,5980.499332,33.47254854,6.247799666,3
117.4538352,2917.449852,250.4359184,7.7787657,4.795904746,5.6751823,7.611168,1015.727728,3178.781198,380.521041,2629.843865,1635.012008,6262.438818,31.2644511,2.583839398,3
95.703125,3149.336485,262.7657143,8.90986,5.048528888,7.298879,8.965144,726.7124958,2710.824262,495.4321994,2637.780179,1636.574317,5836.591166,29.81183741,6.353237075,3
107.6660156,2304.534081,194.1420408,7.8670006,5.318217837,5.993151,7.933814,752.1248185,2827.0509,339.4582243,2582.234071,1477.522986,5747.113287,31.41078771,2.021653026,3
123.046875,5137.93282,449.3322449,7.754932,4.454427318,6.273863,6.9033036,1275.165945,2703.900866,678.9953084,2647.454315,2447.265455,5755.679319,37.3553732,4.40122372,3
129.1992188,2407.212933,194.9520181,5.277587,2.115269323,4.216525,5.076829,1198.090048,2587.191533,584.6309416,2387.223149,2027.444134,5214.194864,36.13607225,1.810472407,3
117.4538352,4027.828573,349.3616327,8.114049,3.83422455,5.463759,7.555055,1081.575759,2414.612779,692.552332,2621.709303,2330.283749,5383.99704,36.99196799,4.628537493,3
103.359375,2437.059261,203.8857143,5.7261953,3.33772538,4.4831066,5.5649776,1184.852708,3372.951467,585.3076451,2839.767699,1949.375939,6775.821712,33.91232813,-1.588533545,3
123.046875,2086.33782,171.1804082,8.679725,3.794232522,6.0038505,8.400137,902.6112798,2742.012521,537.0036899,2771.411844,1871.636185,6042.550323,27.43625381,7.419192731,3
123.046875,4166.202623,342.5959184,9.001875,5.516089451,6.2030406,8.333504,1418.48644,2695.454029,724.0268524,2513.50874,2622.653759,5413.032801,37.2539598,3.049081233,3
129.1992188,2789.106018,228.7804082,7.402089,8.0109862,6.2428308,7.2078657,875.4017581,2649.788694,468.9902161,2572.247242,1790.70183,5639.058107,29.77839856,3.68110269,3
86.1328125,3321.507831,301.1134694,7.607421,6.847208154,6.247878,7.1726527,898.2930423,2959.616052,486.6734775,2903.573277,1968.734761,6501.627553,30.66247231,3.962298791,3
123.046875,5235.842642,432.5093878,7.1791563,2.725847908,5.1933107,6.8883524,1028.266851,3329.831416,487.4953442,2767.852374,1826.614306,6638.797386,32.58253665,2.170965354,3
129.1992188,2799.339539,235.1542857,6.722464,4.417748983,5.2026033,6.2891846,915.893734,1971.201538,744.5879073,2294.863838,2241.073426,4391.676367,42.26278396,0.581157373,3
123.046875,3649.25243,296.2808163,9.692861,6.280878613,8.011052,9.39779,1239.990369,2865.957095,653.3909555,2816.610488,2217.219418,6235.808899,35.85294403,6.439027425,3
129.1992188,2628.819192,213.8122449,8.75682,5.736645468,7.529287,7.555434,1117.101706,2046.734187,897.8353801,2315.748914,2589.585733,4650.776706,43.59308122,3.727783841,3
123.046875,2394.859064,238.08,7.91955,5.394539128,6.4521356,6.987021,830.8070818,2482.309663,477.2041349,2497.751607,1801.318438,5262.06364,36.90804002,-1.739216827,3
103.359375,2041.796006,168.0457143,9.05526,13.63146034,7.735552,8.412051,631.3614735,2142.904048,450.1318434,2511.62881,1626.53298,4767.640978,32.19693044,4.930728476,3
129.1992188,3601.146318,300.4081633,8.767208,6.54743914,7.6465144,8.457541,982.3511006,3043.585438,620.4125964,2811.111398,1992.877994,6551.325596,30.7460971,4.0947013,3
112.3471467,2004.527033,167.8889796,7.035411,3.509361357,5.309126,6.3470798,884.8102223,2143.055351,572.7957116,2371.910184,2092.403085,4557.123801,42.04377449,1.311140549,3
123.046875,2606.441719,221.3760091,5.318329,3.109939477,4.287634,5.255902,705.9807708,2505.867725,471.2251351,2645.631999,1599.711394,5431.072917,32.49097181,3.345883913,3
129.1992188,2275.779788,185.6249887,10.10306,8.646426741,8.285548,10.484721,786.5534697,3549.758933,288.4126418,2994.961566,1175.064196,7258.037467,20.05247483,8.051957281,3
123.046875,2313.941216,188.2383673,8.552438,5.710072176,6.2015944,7.873168,1156.34089,2755.355544,505.4582318,2599.416021,2143.871292,5676.698974,35.63791967,4.725892946,3
123.046875,2380.150123,201.9787755,7.621813,4.838391116,6.4709597,7.693272,775.5344292,2465.163076,601.0363391,2464.379501,1940.694869,5248.659472,33.83317612,1.10039562,3
129.1992188,2796.150251,227.604898,8.751241,6.119327768,7.4336486,9.075412,1048.633318,2819.018368,567.4500783,2645.424734,1981.757226,5944.59734,30.35279855,7.584874085,3
143.5546875,2932.381162,249.8873469,7.086746,7.087000573,5.619089,6.309856,903.6461896,2555.459576,604.4957139,2540.92674,1961.504523,5399.202578,37.47049868,-0.214038288,3
123.046875,1846.810312,152.9469388,8.21582,7.175020263,6.7565637,8.111142,807.3103427,2907.355781,444.8493578,2925.177456,1529.310547,6595.006844,27.00056287,6.408353844,3
129.1992188,2027.202122,165.5118367,9.933527,3.55044005,8.270522,9.734568,640.8781381,2636.325236,408.0113915,2528.264099,1432.060776,5483.761375,27.25109189,6.175777054,3
99.38401442,2176.153649,189.5444898,8.102859,4.384036825,5.9737005,7.4344697,856.2962527,2023.087658,671.9206857,2335.527208,2047.376499,4401.276995,39.51381638,0.797978822,3
129.1992188,2516.907618,210.3118367,7.147874,4.461788521,5.8858,6.736127,1050.876793,2797.726719,609.616928,2572.209401,2085.386014,5764.326508,36.87436473,4.645085807,3
129.1992188,2429.110746,198.7918367,11.434257,5.636900057,8.179975,11.71278,1066.481329,3373.777768,394.7580136,2962.724346,1806.009953,6975.897692,27.93607732,7.049589093,3
129.1992188,2590.209303,209.6527891,7.6911664,4.756923859,6.591241,7.5360513,1111.956303,2502.875082,608.0082874,2593.379293,2402.809539,5318.567618,31.27474989,5.767608279,3
123.046875,2026.24298,179.0432653,7.983897,5.23950474,6.243931,7.4717226,1030.119842,2904.209253,572.3316853,2716.746369,1951.858058,6141.637587,33.05536124,1.238578525,3
86.1328125,2093.191019,197.7208163,9.152355,8.137689633,7.686521,8.682291,1112.77098,2792.960498,768.9923386,2664.933805,2225.419978,6049.913476,37.54287965,3.949440914,3
129.1992188,2341.590097,194.8473469,7.359079,3.270183228,4.9155345,7.02667,795.3799425,3102.673773,369.7473557,2942.146305,1381.945672,6776.796927,26.52223558,4.011057733,3
129.1992188,2581.703866,219.402449,6.7045217,2.80379077,5.4077353,6.3735886,941.8072047,2486.450591,628.6627491,2535.831713,2091.005803,5403.241042,32.68055841,4.760448826,3
123.046875,2837.572291,238.1583673,8.089775,5.026255435,6.494337,7.4491324,969.9943019,2669.871693,591.9227984,2468.77771,1897.822251,5362.791019,33.89274575,4.175659051,3
129.1992188,2372.842007,202.1877551,7.8906083,4.969521852,6.410392,7.6385274,889.8781243,2433.016173,582.6753821,2580.067911,2049.42872,5232.631416,33.4591161,3.860982983,3
129.1992188,2836.738799,232.6334694,9.748767,6.761609809,6.6269717,8.229523,1014.876275,2372.954484,695.990237,2536.59739,2264.625817,5275.363962,39.32537252,3.197393738,3
123.046875,4435.060008,359.2097959,9.379557,5.955283614,7.3268976,8.824768,1302.382446,3226.026243,427.0126139,2827.873894,1858.116302,6556.145594,26.57586072,5.465486337,3
123.046875,1900.454205,159.0334694,8.106405,4.747566738,6.080605,7.899337,958.0683451,2378.464642,588.7540817,2482.659599,2024.010004,5069.019752,34.80922488,3.125887432,3
123.046875,3459.642403,281.7828571,7.7397223,4.338116119,6.2284484,6.7867455,1155.678747,2565.077378,662.3764562,2406.230686,2285.142529,5183.866698,36.6696331,0.414276549,3
123.046875,1770.971301,144.9534694,7.0359144,2.790159905,5.4498124,6.908966,983.2136591,2545.280421,495.1261448,2668.460694,1930.256108,5566.105362,29.90389796,6.638398508,3
123.046875,2078.311256,175.3077551,9.060799,5.423513909,6.672757,8.743376,799.6490655,2593.579583,460.8268059,2646.181155,1629.231815,5664.72406,31.85189793,3.676096629,3
129.1992188,1895.114139,163.3436735,9.121474,5.662262806,7.0905986,8.167087,1151.640857,2381.931696,722.6401022,2486.185832,2449.126675,5096.87551,39.4516577,5.19563612,3
129.1992188,4911.148605,399.2032653,6.9652286,5.590929918,6.328923,6.685683,921.7722324,2842.416154,544.6388242,2724.852678,1870.853097,6116.350231,29.73637141,4.967608663,3
129.1992188,3435.899362,294.4261224,8.890584,5.025504506,5.8768735,9.497076,972.7598603,3578.970299,404.2294868,2886.024562,1439.720876,7144.8085,26.72774774,3.267921933,3
103.359375,2162.268271,181.1591837,8.616116,6.930430697,6.655348,8.358585,1174.255209,2653.927102,717.8783443,2599.508647,2350.119747,5661.198332,38.3423124,1.724121699,3
129.1992188,2681.973219,221.2832653,7.9578967,6.883023034,6.970578,7.453999,1094.40911,2310.196293,859.9279358,2386.1772,2602.28147,5037.021794,40.88430496,3.318910334,3
129.1992188,2544.090516,213.7861224,7.9782705,4.475960895,6.7505803,7.3760734,895.9932601,2264.512095,623.5375033,2380.005453,2019.90463,4909.95734,37.98965475,5.426801232,3
123.046875,1517.447189,183.3534694,6.9917784,4.728188002,5.605951,5.0132737,1102.816163,1795.011707,865.6173155,1881.965618,2392.233038,3668.794809,57.93443196,-2.292808437,3
123.046875,4261.654536,343.9804082,7.9050217,7.151433874,6.893945,7.2228465,1010.841594,2361.447795,580.0929932,2556.967332,2058.110438,5245.816039,33.24921332,5.240376416,3
129.1992188,3125.150836,252.9436735,3.1006322,0.870207999,2.3221304,3.0838284,763.1990744,2475.767865,471.9441083,2735.855096,1868.594666,5588.007539,38.70203026,1.550975284,3
103.359375,2131.98338,182.7004082,9.596719,7.369426087,8.009278,7.7401333,1255.919445,2945.992373,500.8895035,2776.335647,2117.212166,6237.757655,39.30492721,3.592453733,3
143.5546875,2288.953388,197.3028571,5.9683366,3.906296723,4.8176646,5.3624387,1322.604137,2430.588265,756.5504136,2425.163365,2451.220109,5031.039826,50.34975742,0.691761196,3
99.38401442,3733.009387,320.2666667,5.0180593,1.779856026,2.9449525,3.8015957,1079.247152,2405.682834,518.554339,2427.868387,2066.973699,4966.392959,48.89354622,-3.002172647,4
92.28515625,2949.354946,238.2569615,5.2841387,1.797636407,3.18704,4.809559,660.6300707,1875.520263,448.2214939,2077.131259,1551.05403,3807.803126,40.98001761,-0.725894453,4
99.38401442,2665.663997,216.0661224,3.78709,1.21585978,2.9913526,3.3391972,621.3751791,1835.853634,413.2852214,1909.894121,1236.617574,3614.905564,48.65437927,0.594886747,4
95.703125,3386.278973,289.2016327,7.3152885,3.990548805,5.0523996,6.718941,1033.694325,2474.01304,537.6891452,2496.158544,1994.348923,5250.348164,39.03355906,2.573316969,4
184.5703125,1886.202119,160.8666667,4.1335855,0.81622991,3.295649,3.8366747,667.2618771,1681.517095,379.4143706,2065.291166,1386.00698,3634.933986,49.13657064,2.685751645,4
89.10290948,3631.049477,297.04,3.839,1.060110441,2.0239666,3.3404572,734.9473602,1811.155356,471.181797,2155.497469,1672.516753,3921.165486,51.34794758,-1.060099267,4
95.703125,3626.990338,307.9066667,8.035263,4.135143709,5.693938,7.7220626,822.365905,2529.234026,475.5144661,2684.246254,1832.064711,5563.049686,32.9984973,3.706031037,4
99.38401442,3487.350651,288.6933333,3.9465911,1.069954113,3.004258,3.7046869,702.0475775,2126.147102,453.5288066,2487.353657,1621.504588,4804.523855,46.31395825,1.015742577,4
184.5703125,2847.971526,229.4,5.83522,1.762770457,3.447975,5.801596,643.9536635,2070.746453,468.3441002,2245.606566,1658.770259,4091.215966,31.90824337,2.933087905,4
107.6660156,1046.577551,84.76734694,4.079877,1.122078053,3.2702475,4.007426,1199.742922,2163.95416,634.6794821,2457.618275,2331.554093,4741.332948,48.91368658,3.624985544,4
103.359375,3487.526571,288.1333333,6.438896,3.086142508,4.7024455,6.0722213,946.9634845,2596.31441,482.0236153,2705.687735,1819.753513,5732.866973,36.31221027,6.135673904,4
172.265625,4729.545733,385.1866667,7.9308167,4.969574999,6.7789927,7.2124143,803.3769024,2008.356738,445.0230106,2338.041458,1605.905807,4373.834369,34.97273643,6.598485014,4
92.28515625,2856.330616,233.1997279,6.453049,4.648618813,5.1815777,6.0903196,816.4297091,1934.409261,535.9854752,2530.445886,2146.242167,4535.053584,44.96120683,1.942903538,4
99.38401442,3574.818195,293.5333333,3.874949,0.948193671,2.9026625,3.3806238,839.0318977,2209.052667,342.5913483,2361.104727,1369.211262,4700.268839,48.37106438,0.676203826,4
89.10290948,3365.422377,276.4277551,7.445201,4.144322563,4.912201,6.521678,1155.144475,1887.143925,719.468238,2208.745256,2387.130818,4041.246836,44.8126899,3.630966636,4
161.4990234,3008.191136,244.3066667,6.8592076,3.613161824,5.2113724,6.398007,770.7644268,2183.092748,364.6785726,2452.329509,1520.179165,4710.558043,36.33970092,2.162275004,4
99.38401442,2509.486279,205,7.770109,5.097673865,5.571233,7.62792,1084.773646,3074.565751,395.4215847,2581.048641,1614.26103,5866.368646,31.90828456,6.425074177,4
86.1328125,3035.153655,279.797551,6.030748,2.949201952,4.597601,5.55896,1244.580127,2659.943069,973.3657502,2569.965625,2494.169843,5946.671026,46.07361943,-0.188327205,4
92.28515625,2646.891036,214.4666667,6.606518,3.294809214,3.7474265,5.1197023,1060.63011,2607.522176,485.2540993,2541.038946,1969.029142,5439.545405,40.84287984,-2.973641275,4
92.28515625,3006.049432,242.9466667,5.072893,1.617919562,2.7036753,4.132121,1160.937764,2871.62687,451.348534,2867.155393,2002.587902,6207.435098,40.02276766,0.766393105,4
89.10290948,3593.055729,295.1733333,4.8265324,1.849135385,3.3006268,3.9387577,1056.39001,2358.373266,499.5897753,2470.429693,1931.253536,4999.235532,52.42212648,0.21814796,4
95.703125,2669.158446,224.5746939,7.5809927,4.776463707,6.0763626,7.20296,980.102592,2293.314983,533.0099607,2569.900711,1923.143487,5141.382858,38.14429195,6.787368811,4
89.10290948,2762.506739,224.6221769,5.521648,1.961763517,4.1096463,4.943367,1216.142793,2493.848009,608.0169515,2480.895766,2230.676928,5180.100931,37.04167825,1.587685356,4
92.28515625,4090.525209,334.1322449,6.766151,6.070915655,5.7198343,6.9756794,698.3667564,2923.076726,405.2603361,2655.902922,1348.514764,6065.601047,22.67820635,3.176785042,4
107.6660156,2877.350477,231.4933333,9.362522,5.403852837,7.320173,8.36396,868.951035,2342.29886,411.0594761,2387.698408,1560.201539,4829.90718,34.8597219,6.276969638,4
95.703125,3313.717403,271.0666667,5.071217,1.640532628,3.9854245,4.393752,928.478331,2477.724119,379.6583997,2276.43649,1473.635209,4911.426846,42.28582726,2.808046235,4
95.703125,2988.35584,251.9066667,7.5093446,6.115971885,6.066118,6.943621,871.6306889,2196.125792,501.640096,2312.237289,1707.029657,4482.858007,39.03299631,4.925560497,4
95.703125,3053.541302,246.0933333,8.152343,3.93932279,4.97797,7.382029,1008.89576,2589.717962,412.0347999,2427.358864,1613.937106,5313.141628,31.33270692,1.947637197,4
83.35433468,3769.379496,306.3733333,6.956622,2.714448783,5.036698,6.5012126,804.4305256,1787.840904,533.6257975,2114.666265,1851.524168,3653.758639,40.5975373,2.244504143,4
95.703125,1534.8162,125.2920635,3.297519,0.733246375,2.1187756,2.9767213,905.530053,3021.346061,434.1701451,2878.804146,1529.722987,6532.896881,40.86835428,-1.967541787,4
89.10290948,2674.733715,221.1787755,5.9437156,2.195683797,3.2930162,5.2719417,897.3763668,2282.712842,445.3933242,2436.832758,1686.84764,5000.52583,40.77709606,-1.445999206,4
95.703125,3530.105735,286,6.851425,3.835861647,4.047786,6.1345325,948.9238305,2342.394984,445.3095279,2437.035633,1788.412485,4938.853511,37.8748978,2.085000437,4
103.359375,2982.307634,243.1066667,5.5523815,1.499686924,3.5278325,5.1531453,927.7995063,2366.734925,515.996055,2421.15744,1780.757172,4996.303669,38.79445547,4.629417363,4
95.703125,2717.149566,222.9812245,4.3214374,1.130780683,2.4294279,3.658334,946.2326894,3023.61569,319.5580736,2532.306345,1228.919957,5961.647999,34.90259891,-0.194622874,4
95.703125,3131.552741,255.5333333,5.832934,3.380634273,3.9384117,4.7188387,1022.414661,2271.548443,500.4028599,2357.400004,1888.840521,4695.565885,42.68330426,2.392558662,4
184.5703125,3480.337335,283.0533333,7.15339,3.332836574,4.21442,5.9634347,1245.896294,2636.542446,486.9213731,2663.007396,2159.085686,5559.900072,39.49606254,1.648373622,4
95.703125,1992.020778,162.8666667,6.3940225,4.010379404,5.4320035,6.029801,921.8101184,2534.7564,395.2287954,2564.008307,1427.949801,5491.233852,36.39412763,3.456959653,4
161.4990234,2993.297885,245.002449,5.0750203,1.53227001,2.9708035,4.1945534,1116.186753,2079.665777,642.0703297,2295.40737,2283.640235,4430.026981,47.90714264,1.444806369,4
95.703125,2617.453895,211.5395918,7.2483444,4.867238432,5.9640894,7.41262,807.972382,3122.204024,352.7632943,2940.328368,1409.62252,6614.779728,21.77623316,8.347385609,4
95.703125,3364.260453,270.5893878,7.9130993,4.500951193,5.452546,7.780673,928.5492303,3062.886125,403.5357098,2831.905804,1522.53842,6461.304222,24.96867372,5.574313002,4
112.3471467,3152.904053,258.9333333,3.8222442,0.673746692,2.7549736,3.5627522,963.8851602,1826.908802,540.8537091,2377.284018,2098.535762,4059.123677,51.47514974,2.52713951,4
95.703125,2655.055127,217,6.077989,1.829837503,2.8520486,5.3652906,1071.798006,2806.847173,468.1933783,2429.784628,1753.037938,5476.327168,33.46995818,2.49713423,4
103.359375,2901.457601,235.7866667,7.2812824,2.76650292,4.701747,6.764816,876.4942414,2285.703543,435.1174087,2378.825132,1742.650765,4752.436242,32.98770555,2.84925237,4
92.28515625,3371.090089,274.155102,8.163126,3.025459298,4.673487,7.48798,1161.437383,2343.319917,554.4672298,2643.727234,2327.290415,5205.207313,37.72746434,2.907333908,4
95.703125,2237.108672,181.7066667,8.375398,5.161214237,5.877281,8.0968485,828.4121761,2154.393013,457.9113677,2399.807268,1705.98235,4645.088319,32.21605391,5.30099107,4
92.28515625,3633.565196,294.1387755,5.21339,2.83937573,3.686593,4.3966293,865.4174373,2226.785888,572.6180671,2404.759409,1819.467795,4841.860899,41.63513492,0.240674429,4
184.5703125,2777.586412,227.9706122,7.0272636,3.586448536,5.6339374,6.9806356,791.8009499,2003.35731,507.9960736,2267.180389,1652.145365,4288.407147,38.14250826,4.867383446,4
103.359375,3440.951761,286.7069388,3.977717,0.925177718,2.6111002,3.674652,685.0559659,2593.376601,351.3798376,2653.856998,1173.549114,5729.862758,39.25396637,1.047280624,4
184.5703125,2934.834119,236.7738776,6.7684093,3.324626618,4.209045,5.7065115,915.4784844,2607.016277,468.1664256,2406.316158,1626.429391,5185.436236,38.79599023,-0.726472523,4
92.28515625,3121.427532,252.0266667,4.376712,0.847782971,3.1626189,3.7188947,702.5505697,1531.718222,443.6180228,1840.023678,1472.000942,3198.144896,54.08807742,-0.389993758,4
86.1328125,3306.066262,268.8266667,6.3947015,4.515177783,3.5876365,5.21904,1268.919539,2628.937648,593.2437681,2458.487218,2296.751535,5097.361864,47.91626857,-2.654001008,4
92.28515625,2457.527255,203.9152834,5.2744727,1.876078012,3.6265342,4.394834,1081.957289,2288.123335,660.1221692,2373.317684,2137.829524,4754.944162,45.86477385,1.0928036,4
103.359375,3354.70783,271.0133333,7.3068237,4.125713668,5.68612,6.7958884,867.2126777,2287.427621,455.5461865,2432.453132,1528.579778,5021.653845,36.75314136,5.375489632,4
89.10290948,616.9381907,52.16,2.5406377,0.363387822,1.5373266,2.3269198,941.693968,2169.330674,447.7447686,2262.784188,1715.230464,4376.415103,50.6911775,-1.0978955,4
95.703125,2193.031088,177.2933333,5.712388,1.572232966,3.0192633,5.181344,880.7494472,2362.932521,451.9669174,2542.891309,1858.839695,4987.970799,32.90448275,2.713322051,4
89.10290948,3092.809477,260.2318367,6.0991673,3.417517534,3.776641,4.9026127,903.5438491,1971.492803,506.5152106,2176.487463,1796.38432,4166.286715,46.67440097,0.56988641,4
172.265625,3367.515091,278.4130612,7.1400886,4.2276369,5.3805857,6.4744678,978.3636893,2789.544434,447.9771209,2591.88553,1633.654836,5736.260527,32.63420389,1.958159852,4
143.5546875,2543.575095,223.5466667,6.011791,5.172624005,5.293852,5.7253313,866.0785088,2427.117815,433.2602961,2716.228652,1685.307824,5640.834804,35.62817183,6.240378683,4
99.38401442,2703.519417,221.0933333,4.132261,1.897092852,3.2788951,3.8400578,883.4358217,1917.723283,575.0794203,2080.161307,1869.682812,4060.252568,49.21751768,0.35306815,4
103.359375,2960.017251,241.4933333,5.6214633,3.94860629,4.4180937,5.013214,1156.351474,2578.47157,494.5385468,2579.518853,2079.091639,5417.582899,42.20601169,1.782104072,4
184.5703125,2165.090012,177.6666667,6.373329,2.258855941,3.442187,5.779116,1064.319929,2900.757941,379.5020661,2453.245821,1694.102321,5596.147996,35.1965295,1.286694977,4
161.4990234,3218.642623,259.9702948,6.582942,2.106750066,4.319073,6.111241,879.6030962,2135.028977,611.2808392,2205.838038,1916.07568,4367.287865,35.76210392,4.194811083,4
86.1328125,3727.301625,303.4,4.999489,2.386965877,3.896629,4.7780256,718.8976621,2176.376002,356.0122655,2334.586262,1273.743397,4684.16792,37.69452633,4.944560029,4
103.359375,3981.291178,324.2666667,6.990791,5.27478014,5.71607,6.045112,704.2901158,2012.058713,438.8972821,2327.849237,1563.649918,4297.345701,46.9012973,3.895202514,4
83.35433468,3074.435762,252.5066667,5.8860245,2.517872618,3.1234229,4.8868184,1118.634957,2738.033828,510.0410947,2645.706737,1997.7178,5677.745306,38.69281926,-0.345622843,4
107.6660156,3162.883603,261.6261224,7.0666084,4.174375043,5.530556,6.8350554,740.7145191,2502.53418,399.7818983,2730.421365,1462.014821,5843.348455,36.10504277,4.352608058,4
99.38401442,2670.555071,218.3594558,4.6309595,1.650072909,3.231905,3.9607983,861.7318015,2094.76788,440.4692026,2253.700858,1654.178584,4210.541493,45.78448775,0.323209282,4
89.10290948,3094.774069,253.9466667,6.981109,2.250882551,3.2129767,6.0456486,856.123614,2302.043894,454.8025671,2260.243109,1581.163629,4658.677093,36.99571544,4.003412649,4
95.703125,3905.196646,319.4266667,8.006135,11.65536225,7.170859,6.5790944,1067.021361,2197.900612,577.3212626,2551.52645,2247.644394,4887.273265,42.09732,2.151035405,4
89.10290948,3518.740847,284.76,2.9567642,0.73527209,1.7204422,2.0279891,1374.89026,2701.079927,568.2691999,2212.100169,2217.784114,5007.850668,63.07154172,-5.365896557,4
95.703125,3091.437967,265.4933333,5.871572,1.763299027,2.9988303,4.5987425,1142.668234,2228.343133,522.0030795,2408.201448,2141.265221,4568.804642,49.82829404,0.395557606,4
95.703125,2729.128238,230.6933333,8.082567,4.6034042,5.4483957,7.301508,1075.144081,2313.481576,569.2278102,2476.182693,2124.000248,4922.170357,41.63491071,6.010357868,4
103.359375,3129.702369,257.4367347,7.238272,3.289917709,4.113712,6.4247684,888.2216114,2989.660444,373.114354,2706.052152,1590.49847,6178.861062,30.78543966,2.439814598,4
89.10290948,3446.054748,277.8666667,6.3145576,2.586696153,3.7755578,5.370313,1127.933668,3104.937094,424.0731118,2789.531859,1801.843612,6355.432144,32.61985753,0.24073191,4
89.10290948,3472.168419,286.3068934,7.0468397,4.363123802,5.3859005,7.0296063,1002.800097,2711.930526,500.0124313,2618.001789,1764.953153,5671.906997,30.75900131,5.633602384,4
92.28515625,3063.936208,247.6133333,5.245255,1.64488878,3.3803253,4.907815,1100.215216,2726.93065,465.2164716,2616.558291,1883.533922,5726.02279,34.51818079,1.03351128,4
103.359375,2772.649149,226.2,8.557828,9.661679079,7.1460156,8.262143,926.7989987,1909.643669,773.4605762,2274.197963,2280.669567,4255.548448,42.37710805,6.320417941,4
95.703125,3823.51948,312.6595918,6.88982,2.788012524,4.544531,6.2741637,999.7380591,2671.986119,464.2403012,2680.308342,1787.077045,5717.039045,34.75999623,3.988841358,4
135.9991776,3326.377922,271.9994558,7.873556,4.42007073,5.094437,7.3398223,1289.54955,2871.695032,667.944848,2658.437127,2364.858168,5828.167751,34.63926206,4.572521117,4
103.359375,2475.609532,205.08,7.580441,3.204149214,5.889939,7.018245,768.5603825,2001.240412,337.3137826,2360.128285,1500.092919,4429.906207,40.48638722,4.715355888,4
86.1328125,4121.492475,332.6266667,6.7953506,2.92580672,5.260128,6.58598,892.2050515,2528.657231,463.7103671,2642.533392,1779.634068,5528.195971,31.7849572,5.918756287,4
92.28515625,2594.035011,209.9733333,6.517784,3.065498326,5.710664,5.605778,964.1277699,2286.201358,420.606348,2325.926124,1662.910356,4768.072189,39.9196649,1.466881926,4
89.10290948,3395.482838,274.9518367,6.4448743,2.637779139,3.6204817,5.8728566,830.673321,2440.327265,398.2008592,2424.239649,1395.274055,5178.450776,36.42709362,1.247553343,4
99.38401442,3012.639418,243.8,5.5348516,2.413334227,3.8613853,4.5115833,644.2440435,1306.632291,520.5754945,1862.400085,1536.380085,2759.253369,56.91536004,1.01997707,4
99.38401442,2975.911309,245.8644898,6.0622044,3.395610399,4.48084,5.21804,852.8944925,2274.594175,422.7593683,2289.693073,1543.946893,4677.589652,40.08089153,3.497485527,4
89.10290948,3259.134825,265.590839,5.852155,2.145443466,4.0275793,5.7111545,806.3611343,2644.893303,341.1885934,2572.926021,1350.490406,5588.489298,30.59331891,3.655414284,4
86.1328125,3246.910404,265.5333333,4.1985188,1.524810357,2.815867,3.7699916,1012.158071,2409.23086,484.8390003,2437.914739,1870.402132,5017.847339,42.12344018,1.819365797,4
184.5703125,4014.64217,324.5994558,6.868891,3.762157648,5.3681493,6.607009,899.876745,2589.79505,382.5435169,2422.016349,1423.399377,5236.021681,30.69904519,6.813078573,4
172.265625,3603.025898,292,7.264295,3.528055735,4.71352,7.03886,1009.226163,2603.492016,435.6122168,2496.915244,1603.295142,5404.780905,31.03067052,3.999891162,4
135.9991776,1962.275401,158.4666667,6.916187,4.474095612,5.7757072,6.037482,790.5586421,2515.175547,416.1719209,2535.429447,1428.771906,5370.178936,34.05894621,1.075745745,4
95.703125,3279.519103,264.96,5.428901,2.943798493,3.8902183,4.5617466,988.4898352,2162.835769,524.4561014,2498.663229,2030.733678,4921.221944,46.62007444,1.344261612,4
95.703125,2827.802147,229.8266667,7.7476573,5.385657598,4.985678,6.9399066,1391.74417,2954.145893,583.2076802,2834.439163,2331.574875,6181.589138,35.15091709,3.802383422,4
103.359375,1109.015433,89.7877551,7.4562316,3.50847484,5.7193346,7.194764,1034.371722,2187.054502,543.442062,2557.784004,2174.594821,4935.675215,33.62648862,7.805185703,4
95.703125,3164.107204,258.64,6.650788,2.674515584,4.3829527,6.0039754,961.6281335,2514.38746,433.9116935,2485.00816,1643.904885,5293.570402,35.23507383,3.109155837,4
99.38401442,2423.953308,201.9918367,4.170777,1.113925834,2.446358,3.551007,1030.717991,3107.642347,432.1853941,2801.139111,1564.732463,6484.210542,38.67723267,-1.348292932,4
92.28515625,3071.114251,249.8612245,5.007396,1.325951162,2.458682,3.822468,1145.101711,2377.587544,432.5109872,2387.373582,1923.98516,4961.588376,49.16722926,1.214452033,4
184.5703125,3161.394525,255.8666667,6.6667414,2.802330416,4.7204957,5.87319,916.9079605,2646.119173,378.886448,2446.432844,1349.207795,5439.745325,36.41575604,4.776843505,4
86.1328125,3311.996725,268.5866667,6.3632007,1.878850967,4.2201524,5.552759,1067.478282,2309.697355,446.0744432,2351.149931,1855.756849,4628.552518,39.39934726,1.714230348,4
89.10290948,3746.461252,302.0133333,6.0009913,1.82047001,2.9100957,5.3873034,810.2177912,2288.925685,406.1444739,2240.064873,1541.313018,4481.776075,34.38764373,2.097510354,4
112.3471467,4040.924375,333.76,2.2513108,1.144194061,2.100374,1.917182,710.4839808,1496.231114,658.7608629,2232.897929,2290.114373,3362.164584,71.8380419,-2.808572825,5
161.4990234,5534.17931,448.1828571,3.1355932,0.961403881,2.4649045,2.9755425,794.1666544,2284.256561,594.0258716,2577.635817,1961.838384,5215.126599,42.24975096,0.207929266,5
99.38401442,9020.585303,793.364898,3.9347622,2.106501256,3.3908622,3.5152984,631.9495738,1202.578819,708.0276203,1738.338319,1650.058247,2305.29741,67.09771813,-4.040389974,5
123.046875,7498.699816,605.2832653,9.425749,14.96474848,8.543957,8.643414,603.6603994,1472.065161,478.4634122,2058.09801,1644.303028,3022.20381,41.18316779,3.089496632,5
129.1992188,4632.094327,377.2865306,5.9048467,3.871523156,4.781014,5.5586987,605.8229884,1818.53211,463.8123795,2234.370208,1533.379628,3971.61571,39.97501883,0.150126976,5
129.1992188,3807.37035,318.484898,2.3727777,1.925394512,2.2020373,1.9557021,106.1998756,597.5839261,244.0371514,985.7938742,211.9408228,778.4487618,86.09707275,-6.233467412,5
99.38401442,7202.631251,589.4791837,4.2773604,1.734462538,3.4968271,3.9853487,738.0056337,2004.620469,598.41694,2383.318642,1903.949976,4478.650942,42.22855704,1.359012943,5
172.265625,4232.653521,348.0032653,3.2712107,1.217806806,2.707351,2.9287252,581.8098305,1460.477654,567.9235988,2012.374371,1647.978645,2875.987137,58.68700659,-0.807906323,5
117.4538352,3145.582898,264.0457143,4.633869,1.943275405,3.5214124,4.1623373,1097.970359,2133.212241,788.3742154,2389.510016,2411.060313,4713.537121,49.40600946,-0.726417405,5
75.99954044,2685.065754,224.4440816,4.7529573,2.496991223,3.5315223,4.3792424,838.8165221,2113.175427,560.6662676,2548.782638,2067.741411,4840.131468,43.42908014,1.068652567,5
123.046875,5073.693554,441.4171429,6.695106,3.326253143,5.3996506,5.90875,652.4904881,1378.228695,610.0438148,1912.465818,1672.430983,2955.887746,48.6140159,4.336458073,5
117.4538352,5258.660574,432.6661224,4.2695312,2.584481259,3.462694,3.739206,566.5598925,1261.974613,495.1795756,1711.340136,1414.398451,2412.078137,60.03415083,-4.687035566,5
123.046875,2403.501791,207.2032653,5.9448943,5.239937837,5.3543935,5.35844,813.872347,1639.191189,525.006871,2227.784996,1984.367843,3425.906316,47.22092006,0.7452403,5
54.97839096,2609.546453,210.0664399,1.3010006,0.455484721,1.1787183,0.96527165,548.9875873,1312.271432,425.1465494,2007.607199,1664.90675,2663.511085,82.16741949,-6.221454709,5
151.9990809,3067.717445,262.2693878,6.202028,5.626574343,5.5795894,5.538159,950.7853865,1829.477032,568.5787686,1961.096527,1835.75937,3417.935632,52.39774693,-2.520847791,5
129.1992188,14002.39687,1153.773333,1.8709888,0.624719727,1.6748542,1.6861058,410.727402,819.1996184,578.1210157,1366.756244,1237.893366,1343.938131,87.11453307,-7.254046064,5
123.046875,3621.924229,301.2702041,4.9311132,1.960944698,4.623298,4.6636157,562.5514288,1423.572686,394.9510869,1989.38195,1480.554628,2784.521146,51.78092077,-2.991275389,5
117.4538352,2149.812549,179.5395918,5.4059663,2.351924124,4.14171,4.8995357,745.6116986,1775.727754,414.4536307,2370.516874,1733.731854,4167.636879,46.10403257,4.511915052,5
103.359375,4065.688791,379.6636735,6.2863674,5.838532621,5.569372,5.778188,613.4095979,1126.333887,685.8929001,1775.074886,1880.306681,2238.130264,59.04617504,-0.410129066,5
117.4538352,4507.60177,364.7216327,3.6070905,3.013989534,3.352895,2.952837,619.7211526,1387.748406,507.661554,1808.497177,1560.691915,2603.948648,63.98216778,-4.061076103,5
143.5546875,2855.959191,230.0342857,4.2840447,2.888540379,3.8294375,3.4332652,1017.661259,1951.140867,559.8846837,2447.699159,2289.02051,4388.011224,60.28320801,-2.027347963,5
95.703125,3065.735281,255.7066667,2.1704502,1.113078241,1.9664433,1.870461,289.9832996,642.5078399,389.16129,1024.165691,761.4927047,860.8344236,88.55159967,-9.557771075,5
129.1992188,6464.491622,528.9273469,6.9835267,4.297423744,5.661573,6.3100004,843.0552864,1789.183438,529.0572349,2043.986247,1722.327459,3806.170417,43.38007097,3.614364401,5
135.9991776,4275.694233,347.9510204,6.0570884,3.036409426,4.7097254,5.801703,622.0646627,2347.792179,309.3290218,2436.363546,1177.80929,5059.411145,33.40253561,1.192792707,5
151.9990809,2298.852726,221.0666667,1.3423645,0.713728852,1.1915325,0.85756767,801.4469854,1199.772997,743.4026171,1729.817542,2030.867506,2153.63129,96.1120564,-14.00995424,5
123.046875,7139.625049,587.7812245,6.597305,5.266203954,5.7261853,6.4495068,650.8799097,1416.272676,457.1916736,1875.310198,1513.360296,2952.59353,44.42174879,4.194571272,5
69.83741554,2223.717522,193.8808163,1.8779393,0.665587232,1.7585871,1.6117308,415.2370135,1104.059394,353.0808748,1535.63976,1202.119908,2168.899005,77.99410392,-7.80060607,5
123.046875,5124.80138,420.2318367,3.3098924,1.037257093,2.6100092,2.9676013,843.0649184,1658.52416,617.7646093,2195.674299,2121.618826,3690.420151,61.47459616,-0.018605114,5
172.265625,4790.496262,403.3466667,1.8745196,1.003191511,1.7283214,1.4798067,306.006807,824.4040853,403.3627509,1259.384888,764.1755819,1222.718022,89.58148393,-8.573482544,5
86.1328125,3338.133053,274.155102,4.7181973,2.891109061,4.074547,4.328011,444.2793008,1348.248043,345.1957401,1587.912852,1040.338696,2755.646334,54.51959681,-1.559406991,5
92.28515625,3274.542827,278.0081633,1.4081761,0.468737643,1.2733881,1.1723758,445.6683055,1403.685793,456.1802753,1858.81023,1329.19515,2575.821073,76.9935466,-10.16225967,5
117.4538352,3896.898842,324.16,1.276033,0.131695419,1.2191278,1.0839938,778.7676913,1224.773664,584.9586432,1766.351972,1870.096569,2387.220316,87.44027907,-6.481529194,5
107.6660156,1987.443588,171.6419048,1.8761274,1.048974721,1.7200507,1.4263619,367.9523598,709.4554866,449.4048809,1217.014384,937.5474947,1052.9614,93.34050712,-10.97884285,5
117.4538352,1787.514611,170.4228571,2.2788239,1.262234414,2.2151308,1.8699534,213.7698716,653.0305767,206.785165,621.6799973,372.7338575,912.5398907,88.57198774,-15.47220229,5
123.046875,3087.978716,257.6933333,1.9612448,1.079862857,1.8202804,1.60055,545.1983193,1067.504849,606.432766,1740.121897,1666.11494,1930.742314,82.01826028,-5.512686959,5
86.1328125,4026.141195,343.3273469,5.417574,3.495440942,4.513985,4.8649344,842.0305667,1838.698883,454.4862476,2031.031876,1730.816373,3716.25207,54.89008284,-1.3518922,5
117.4538352,2711.936446,222.3281633,6.468234,3.789233369,4.5198603,5.423416,894.3905921,1814.316384,628.1268959,2260.397358,2159.196287,3876.150852,49.52176016,1.437222748,5
123.046875,3440.375732,291.1782313,2.5910988,1.71415862,2.3235364,2.2151556,170.1284353,665.7882883,243.3378135,1003.056934,424.4705396,921.2059172,83.06016178,-8.170002043,5
80.74951172,3353.231595,287.8,2.0310743,0.914401863,1.9333851,1.7921301,613.2914651,1734.789299,484.0937283,2250.224051,1661.152106,3622.640469,63.55607365,-4.864587044,5
135.9991776,2059.27304,172.4081633,4.936637,5.298881837,4.745119,4.593428,566.6214159,813.3848352,315.8308982,1496.754606,1229.298295,1323.855587,69.324784,0.305266642,5
103.359375,3412.106206,282.36,2.714703,1.727802122,2.5562832,2.1521423,631.8247124,1228.557922,516.0411542,1974.771071,1882.893081,2348.052287,75.99678862,-4.198903746,5
161.4990234,2736.804569,228.3333333,3.9232714,4.187650147,3.491086,3.3600054,356.0446282,1278.456136,314.6611626,1425.019304,799.4788872,2331.357904,56.49730918,-5.305192812,5
58.72691761,3304.291179,287.3733333,1.7703539,0.983281107,1.712026,1.5152166,540.1194817,1007.108829,550.4636028,1560.1204,1529.461955,1532.43527,88.76327497,-9.96271295,5
151.9990809,1984.168235,178.0767347,2.446169,1.078808624,2.080282,1.9385275,902.0765446,1523.270326,615.8198413,1954.105043,1993.493196,2845.482246,78.44130992,-7.862648097,5
123.046875,2673.663318,221.9363265,6.051517,3.779296218,5.5693736,5.8428082,560.2663334,902.1076939,506.9965583,1460.670651,1313.499657,1707.598326,60.81706952,5.167718588,5
103.359375,5401.928849,445.2400454,2.7110305,1.393274009,2.519562,2.3990636,852.3197923,1843.743799,541.7964988,2427.993032,2235.531255,4224.306303,68.8966359,-3.114565495,5
172.265625,3320.937228,277.4726531,2.2375393,2.428383508,2.0447955,1.7466779,149.9829607,655.2867756,299.8202595,1122.391351,339.3951918,861.1614454,85.60264966,-5.375001959,5
123.046875,3863.745531,323.0302041,2.5839593,1.301960952,2.4299028,2.2666733,738.5729906,2168.349096,522.9585116,2365.837655,1708.599876,4738.008169,53.10634459,-7.681298272,5
89.10290948,767.9492352,77.55945578,1.0262418,0.577270044,0.9472585,0.7166348,755.6469182,1112.940171,729.8009659,1751.243471,2067.238049,1986.188239,100.007434,-12.25128128,5
123.046875,2796.971622,234.9453061,4.008128,1.231796451,2.621762,3.628211,433.0126757,1433.988826,410.6038881,1607.945362,1030.942206,2523.68332,53.16515988,-3.365394988,5
172.265625,2806.441468,278.0473469,4.9305453,2.730128704,4.0376067,4.376347,743.2563005,1746.973,570.8810812,2212.295402,1713.304192,3850.150205,47.7824592,-0.753509225,5
112.3471467,6037.282276,498.155102,3.4760454,2.085075899,3.1081922,3.1341605,497.3086828,1140.14103,499.4021058,1737.143593,1308.104979,2026.45819,63.81771758,-1.483593177,5
172.265625,4019.564439,332.32,2.833075,1.175848705,2.5145476,2.523274,525.5164663,1762.15484,421.3392499,1984.434921,1251.687078,3479.681821,54.30783547,-3.105739681,5
99.38401442,1269.942467,112.4310204,3.249445,1.808910003,3.0702982,2.9424071,509.9823204,1076.199019,412.4551627,1441.730256,1234.974851,2003.192581,71.77861933,-14.25179079,5
143.5546875,3590.807509,306.3466667,3.4967642,1.72939699,2.9646964,2.8242996,661.8537327,1870.868289,481.1664395,2376.94079,1701.284717,4252.110734,55.59018359,-2.290801681,5
112.3471467,2204.547886,183.5102041,3.6363413,1.872203093,3.2116668,3.2919526,448.4451914,1218.592899,349.8263162,1526.615179,1192.722531,2156.125023,63.25242874,-4.492937757,5
103.359375,4188.146869,344.5028571,0.8905804,0.126972038,0.7411235,0.706856,1234.359121,1703.694248,761.2826187,1870.313245,2452.353141,3361.540982,93.62470735,-15.89494733,5
112.3471467,3629.085845,311.8005442,1.3374156,0.459036994,1.271699,1.0249767,508.1629407,1436.575865,496.5934862,1808.466075,1450.691867,2722.176741,87.23610368,-10.16242292,5
80.74951172,4965.853317,429.7142857,4.008606,1.892683116,3.1201458,3.7242117,795.9964836,1689.687987,574.0670838,2177.937681,1967.122522,3780.012616,52.64513243,-0.044074016,5
161.4990234,5931.063893,479.4253061,5.2978725,4.046857237,4.6260114,4.4643373,925.1300333,1713.429377,648.8972641,2139.729929,2192.565556,3784.277947,59.22631464,-1.045762266,5
112.3471467,3913.611671,328.6204082,4.3119807,3.048835887,3.6119153,3.6048684,761.4307621,1697.004479,463.2231346,2142.653033,1681.277689,3653.146783,54.22397675,-1.586008587,5
172.265625,3045.581145,252.2383673,3.8697605,2.649989301,3.6061676,3.3391554,543.2352637,1323.743166,380.5965163,1800.438869,1390.055722,2525.8255,61.93274973,-5.767445591,5
143.5546875,5032.042862,412.68,4.4833097,4.285728012,4.2985673,3.9446113,504.5437859,1328.678392,392.9034451,1704.002296,1216.91234,2462.888125,59.99025031,-4.356167319,5
53.83300781,3614.626441,306.1657596,1.8684864,0.985050375,1.6811059,1.4832804,605.4652582,1310.342234,568.5372021,2061.885106,1913.865737,2437.079788,80.69737549,-7.519418499,5
129.1992188,6007.45717,498.3902041,2.4599843,0.818498996,2.1845908,2.1588616,684.4165847,1464.187002,597.7075647,1916.746486,1830.260082,2890.226071,67.48365628,-3.301705912,5
151.9990809,2944.335582,245.0808163,2.9061956,0.996183115,2.4512553,2.5907254,822.4749555,1661.595306,554.1927013,2098.725197,1871.065343,3443.16836,59.34076078,-4.439935485,5
123.046875,2348.93331,195.16,2.8711119,0.955042593,2.642243,2.6479397,376.1418034,1141.722634,366.7625451,1708.380013,980.5657789,2099.460404,64.26866569,-3.563291421,5
99.38401442,2990.167221,251.9510204,6.866238,5.819113136,5.2429857,6.081617,855.6370903,2099.345926,577.1137146,2340.941849,1932.369988,4549.050396,42.31152159,2.634004111,6
99.38401442,1989.048427,175.6995918,7.4572644,3.750792974,4.4150653,6.2447624,1098.697023,2124.655173,772.4418618,2565.854847,2746.543472,4762.58991,48.07322897,-3.26705484,6
95.703125,2622.615568,216.3722449,5.5379906,3.017746026,4.5259233,5.288278,989.753418,2527.133183,558.3696453,2575.260024,2050.437518,5325.577748,37.48164117,4.492053052,6
161.4990234,1954.4371,165.6685714,8.709807,7.756030325,6.8468704,8.328271,1048.58481,2289.550572,751.0508545,2481.73247,2296.881265,5033.115368,37.61143377,5.58273493,6
151.9990809,2048.837994,169.4040816,8.083461,6.244120726,6.42096,7.556907,1120.930162,1912.715034,676.3402834,2327.686896,2505.097479,4048.060678,42.72458094,-0.46333438,6
135.9991776,2156.697282,178.0244898,9.03965,9.631229082,7.3351026,8.44991,1001.135138,1968.571136,638.7481736,2366.881669,2167.966993,4221.051268,41.23137733,3.403788123,6
92.28515625,2334.01207,188.8653061,6.3805118,3.290851558,4.377379,6.291714,1037.30514,2783.90703,577.1816995,2858.359017,2140.824353,6253.443118,33.63521209,4.485473598,6
135.9991776,2381.50939,201.6611338,7.6008325,5.013524861,5.983385,7.2024307,839.5223121,2322.497497,582.6129394,2321.567442,1703.047123,4715.801237,32.52454658,5.509000134,6
143.5546875,2148.498054,180.1926531,7.459914,6.057160333,5.9662004,7.087912,898.1162196,2255.869762,586.3119891,2403.344091,2012.573313,4728.170903,36.96903087,0.560175749,6
123.046875,2379.155435,234.0571429,6.2300186,7.821492771,5.1870484,5.128979,1105.167065,2088.841464,694.6579794,2374.842171,2386.904901,4408.762604,48.80642094,-3.071280325,6
92.28515625,2687.645717,219.5591837,7.9083457,4.774399372,6.5772667,7.1479697,927.5697778,2014.376789,633.5348017,2386.964659,2116.766572,4401.991543,41.00848061,3.713269794,6
123.046875,2111.084623,181.0285714,9.363509,7.413582172,7.175634,8.9504385,846.2729828,2161.184147,583.0891398,2368.540955,1829.941187,4493.307287,34.93471557,3.670053965,6
83.35433468,2326.599057,190.5893878,7.6396093,5.798440694,6.1088176,7.2048855,1035.065904,2698.838428,526.8326559,2631.760463,1948.966992,5661.198191,30.65599258,3.029524559,6
107.6660156,2151.100917,173.9755102,7.2713747,4.189513972,5.072433,7.151239,1252.15745,3513.924972,552.6733393,2992.272901,2109.313225,7241.392344,30.78948409,-0.576629052,6
75.99954044,2444.337368,198.9485714,8.391081,5.563140307,5.9199452,7.3294935,1194.784355,2687.140618,577.3389226,2714.627784,2220.58467,5926.734598,40.58537608,-1.43301281,6
107.6660156,2582.558281,211.7485714,7.6384654,4.735285112,5.7526774,7.330863,1147.048419,2686.35293,589.7764679,2655.452676,2173.203788,5648.634941,32.83099928,4.91886621,6
151.9990809,2220.823484,180.6106122,9.451806,11.00447804,8.248481,8.114544,1134.504837,1492.862422,911.6595989,2079.325434,2710.282901,3285.875726,55.41067542,4.619196125,6
135.9991776,2094.210968,175.8302041,8.042352,7.627258558,6.5573416,7.3653884,1030.862245,2699.970768,564.2980516,2719.33829,2026.358427,5947.160486,38.87698492,0.577614517,6
161.4990234,2158.5292,174.5502041,8.154082,10.21189275,7.130418,7.924926,1090.888623,2520.835157,712.5032599,2845.279157,2567.282687,5894.793122,35.72805657,6.130220279,6
123.046875,2310.096664,189.0220408,8.3772545,4.532028445,6.3913975,7.822174,857.6674629,1963.278693,560.5469429,2549.894654,2126.058214,4540.281566,41.62653686,4.270673989,6
71.77734375,2735.319662,225.1755102,6.6172056,5.473870465,5.411245,5.914951,866.2653694,1755.036013,700.7835091,1971.176813,1960.688505,3424.03131,45.27857508,0.995102266,6
123.046875,2327.260911,189.0481633,7.9079943,4.839530599,6.4297743,7.626376,917.3677488,2881.644182,434.346812,2836.189544,1670.972527,6267.729098,27.96785002,4.358201089,6
123.046875,2316.875169,192.2612245,8.063709,7.906587288,6.772962,7.1885886,1008.639791,1989.174165,720.8219409,2609.895969,2570.639619,4755.6083,47.66985632,2.041548302,6
103.359375,2694.167968,233.9004082,6.656471,3.937674935,5.5284185,6.4130154,977.5765029,2511.376081,647.8803436,2648.159806,2155.688435,5478.245449,36.9145267,3.746341025,6
112.3471467,1917.581469,156.5779592,9.348545,12.98065621,7.8663006,8.646124,1205.977488,2044.317623,908.1089426,2360.871118,2723.120011,4449.741915,45.78849271,3.317901918,6
151.9990809,2541.099472,209.8155102,9.37691,13.54851405,7.9169483,8.825412,964.1907437,2255.605752,557.139532,2709.41448,2169.424663,5304.539106,37.26238435,4.719229991,6
107.6660156,2046.926447,167.3665306,8.044726,4.756410065,6.138212,6.9318075,1084.612776,2652.638792,483.8046807,2827.095968,2117.38215,5990.509924,35.0247341,3.420131621,6
99.38401442,1776.680142,146.1289796,6.476132,2.969998753,4.9831796,6.057282,883.7939132,2231.624314,654.2403837,2571.413273,2176.77857,5118.049626,40.26519205,1.616229302,6
99.38401442,2353.735912,192.0783673,8.64455,5.852675545,6.920057,8.559901,878.2510985,2362.128582,589.1839685,2706.132521,2086.661172,5485.641409,32.84884808,4.075867742,6
107.6660156,2285.788884,189.4661224,8.347688,5.567597075,6.791272,7.759507,912.2176644,2199.718111,667.4429262,2410.430867,2004.61465,4716.982727,38.45534765,4.127211936,6
151.9990809,2495.417587,207.1510204,6.0126424,3.214837786,4.595748,5.236619,1094.941389,2876.277098,558.3247883,2724.659905,2036.456241,6033.858381,40.54434856,-1.635427157,6
103.359375,1271.711551,109.3485714,8.60342,9.992412303,7.025403,7.410422,1419.551069,3206.876305,570.8071068,2879.941472,2302.344174,6536.746694,39.59036038,0.797782538,6
135.9991776,2445.363032,211.6179592,7.07257,6.732643966,5.740237,6.1502643,1013.514132,1686.979695,821.372749,2237.014473,2556.819587,3764.232611,52.49101079,-0.159419963,6
107.6660156,2353.316819,191.5297959,6.826233,3.411929245,5.13165,6.094007,1184.559564,2907.065866,515.8676428,2984.032972,2122.541842,6572.423566,35.64045705,1.222497914,6
95.703125,2347.195216,195.3959184,8.114065,8.105013039,6.869898,7.712432,1038.183887,1918.907485,650.0844764,2373.109545,2276.921062,3895.535803,43.6751827,-1.405726562,6
123.046875,2333.267332,190.3542857,7.1689043,3.296569311,4.505836,6.5410137,774.7370302,2402.682464,518.6175592,2585.272777,1776.457142,5271.13533,33.53579347,1.55359537,6
103.359375,2162.602142,180.5322449,6.7441053,5.593801058,5.552214,6.115201,1153.572784,2299.421312,723.1465742,2490.372151,2558.154879,5015.07193,43.87732176,-0.72210494,6
172.265625,2172.976133,179.0133333,8.507577,4.484820896,6.261929,8.659203,547.1011143,2402.872882,328.8618341,2442.095449,987.8040524,5023.327627,27.8988896,8.117112073,6
112.3471467,2185.407283,183.3534694,6.9689593,5.901669119,5.7540164,6.6997247,961.8893398,2998.343591,443.0938303,2733.026625,1830.359089,6188.313186,32.96369376,2.770228295,6
83.35433468,1756.340206,147.0432653,8.284961,10.29531649,6.686513,7.5343637,948.4934562,2020.305597,746.7910969,2163.768589,2054.530662,4209.986022,42.95302755,3.043213685,6
89.10290948,2629.375772,229.2244898,6.998195,6.770107251,6.0682077,6.2634406,825.8512732,1640.842961,637.6711638,2144.238001,1999.198527,3408.193245,50.52944419,1.545872185,6
95.703125,2082.334187,179.8791837,1.3643758,0.52873008,1.037485,0.8853704,731.569413,1282.704328,482.0962821,1992.239875,1667.171923,2430.728118,91.22055082,-12.34337461,6
143.5546875,2290.825359,190.3804082,6.911155,4.317900442,5.6474667,6.722879,707.2794849,2389.490005,547.041755,2493.102251,1669.952866,5087.941388,34.50225807,3.286600935,6
112.3471467,2172.030353,179.722449,8.10985,5.043568845,5.8973017,7.2510657,966.91109,2089.151325,679.7582,2352.242642,2069.97578,4369.448814,41.31730759,1.790819286,6
99.38401442,2506.327814,205.844898,8.926852,8.977377636,7.6118298,8.588772,1140.979137,2329.172822,493.1257226,2659.857738,2147.882057,5236.773722,37.98263429,2.023722182,6
95.703125,2416.547863,200.9338776,8.255959,5.987088602,6.765212,8.32123,954.790984,2829.968734,579.4595725,3008.426273,2047.624112,6597.803048,28.28791619,7.554038873,6
143.5546875,1657.494154,138.5012245,6.967195,9.164308107,6.1511607,6.2311983,1090.609558,2145.920825,739.978352,2310.821886,2200.013234,4395.831044,48.61685076,-1.036213932,6
143.5546875,2685.831781,223.3730612,5.425316,4.329865674,4.995747,4.871175,788.7039992,1424.700544,772.1956893,1879.294749,1905.890925,2816.66496,60.89823997,-8.333859414,6
123.046875,2583.327045,217.0514286,7.933189,5.314453795,6.133631,7.420708,855.0388802,2455.418376,592.4532009,2575.368379,1991.476298,5334.984678,37.26191723,2.144664363,6
172.265625,1851.815037,155.637551,7.3460684,6.146730921,5.807626,6.9099073,947.1979526,2425.676637,585.9676901,2437.318573,1990.392294,4991.613648,35.50971012,-1.620645479,6
89.10290948,2478.253061,203.9640816,7.2918973,7.685360542,6.177564,7.152966,1093.590571,2572.133671,534.6143428,2560.486616,2036.038094,5373.559979,32.78851576,3.116207785,6
129.1992188,2644.661341,218.3314286,7.110733,4.35063468,5.3963857,6.821372,871.8349069,2513.299491,560.9540712,2669.912802,1937.70315,5679.188244,37.25395516,2.754191649,6
112.3471467,3122.754376,279.3534694,5.7661657,4.503839242,5.1072254,5.0198026,830.8684159,1141.176516,899.2928121,1675.796485,2058.595657,2249.897561,67.29067702,-4.220662967,6
151.9990809,2013.100284,169.4040816,7.7511716,6.109342992,6.434512,7.39344,885.0558786,2144.685118,629.7173599,2373.879789,1960.824451,4492.023619,39.55365178,4.227348379,6
161.4990234,2376.461679,208.7967347,6.3777223,3.472339307,4.1715055,5.3737907,1037.028365,2042.358322,603.3537761,2413.983752,2176.434816,4515.447806,50.74093341,-0.843709732,6
135.9991776,2559.282229,220.8653061,7.8672323,4.684185845,5.562692,7.1347203,957.432562,2007.394925,641.0458101,2428.118243,2311.566462,4309.238328,41.43009291,3.518162895,6
86.1328125,2267.494205,192.3918367,7.2135,6.490728536,6.329307,6.7459025,666.1591104,2399.579882,419.1927772,2626.692138,1591.736803,5231.061087,36.71917161,0.668022274,6
151.9990809,2190.388661,179.2783673,7.2890825,6.459501716,5.6631513,6.728212,966.827431,2489.549322,527.0877889,2476.069192,1864.910318,5107.666857,35.57116333,0.4586478,6
129.1992188,2272.594515,199.9673469,5.756125,10.73966762,5.33572,3.9387977,839.6019306,1198.815068,672.1377265,1738.757287,1972.659206,2175.368592,71.39361479,-9.619177943,6
117.4538352,2258.019173,188.7085714,7.986601,5.095088274,6.3403444,7.4756885,973.8765055,2648.333158,539.1342104,2671.769538,1956.408023,5766.704655,32.64798161,3.749763705,6
184.5703125,2286.350355,200.3069388,7.5876675,9.103496824,6.083789,6.570827,1237.796578,2505.070843,709.396315,2595.351471,2518.490692,5326.596097,40.46927937,-2.451344415,6
95.703125,2657.879636,217.7828571,7.2860384,4.906566481,5.266939,6.8662434,1051.032406,2700.618018,475.2862907,2634.576761,1794.649502,5701.952014,34.7059044,-0.761951579,6
143.5546875,2443.878379,210.4163265,6.7404103,6.009969173,5.967667,5.8656425,856.3527286,1186.405436,659.8636661,1832.923684,2086.489483,2415.826027,64.30558514,1.41569476,6
151.9990809,2794.745575,228.2579592,6.6388226,5.114413177,5.1734776,6.7415543,795.3211168,3249.740532,451.0974633,2985.828893,1663.570897,7005.297904,27.64015183,1.170522043,6
143.5546875,2563.729663,218.88,10.616655,18.72940022,9.293975,9.752943,1088.368292,1724.176335,868.6796817,2052.730649,2411.565618,3663.905234,44.87891625,4.068970467,6
143.5546875,2460.574406,201.1428571,7.9432855,5.368066614,5.8636513,8.583758,755.465031,3184.940249,356.9896347,2687.252909,1347.619527,6377.102971,26.18125332,2.87926013,6
103.359375,2690.652977,224.1840363,7.2788043,4.919247346,5.5523353,6.920883,1024.621449,2671.867779,573.5709583,2650.516981,2207.137772,5711.199834,36.52713164,-0.677268212,6
135.9991776,2143.336089,172.8261224,7.979337,6.803562817,6.193176,7.8313994,1241.888239,2518.786977,671.2181643,2693.037536,2571.415256,5554.247338,36.18735544,-1.850922065,6
99.38401442,2385.402673,207.1510204,7.2911143,5.354114391,5.568592,6.2431536,949.725482,2161.518989,672.0181819,2549.208281,2349.734952,5000.790773,42.07566212,3.680658065,6
135.9991776,2037.999145,171.0236735,7.960437,6.529004996,6.303615,7.0686626,1155.629322,2397.903238,566.9387662,2617.967079,2105.379112,5162.328197,37.78734795,4.409085147,6
151.9990809,2303.031021,189.6489796,6.9449325,7.372048215,5.603401,6.194787,1122.284701,2596.447575,645.7503921,2856.316155,2552.013825,6021.080882,41.53647064,1.110547765,6
89.10290948,2378.689254,194.8734694,7.123244,3.84523019,5.2839246,6.4831934,1074.208267,2911.948382,515.086958,2773.213215,1964.20725,6237.110373,34.96679865,1.581466501,6
123.046875,2370.388492,196.1273469,7.101405,5.055007175,5.5339713,6.1335707,1165.11947,2516.111293,672.6180338,2724.767027,2494.560683,5565.134878,45.03257764,2.670961066,6
95.703125,2226.931634,182.7265306,7.958032,6.403781023,5.8832765,7.411934,930.7322374,2693.535255,568.9398298,2661.800643,1872.895182,5701.494215,33.09996207,-0.410244755,6
99.38401442,2230.981365,185.7828571,5.105222,1.794075819,3.7657106,4.389173,1123.574795,2451.175995,730.6427644,2478.375354,2379.831849,5028.220899,44.60953455,-0.709011398,6
151.9990809,2337.306811,193.5673469,6.7367663,5.049786725,5.856732,5.865767,1174.471957,2119.287142,785.560915,2257.550848,2486.203264,4393.218979,47.78380192,-1.759070013,6
135.9991776,2638.082756,216.2938776,6.4205647,6.592533401,5.5438724,5.139539,1264.340961,2524.956087,658.5282658,2559.221835,2368.198321,5283.490132,50.48180789,-2.93887677,6
92.28515625,2448.762383,203.1609524,7.8207555,7.416564606,6.777132,7.0489774,1123.557832,2593.578008,548.3533989,2776.708783,2172.192986,5767.684453,40.97857507,1.713385589,6
99.38401442,2306.204308,192.6530612,8.158047,7.476631327,6.171388,7.6401258,915.4215611,2323.879465,613.903153,2568.579892,2129.768503,5164.471583,34.20685584,3.756163246,6
99.38401442,2451.421035,205.0089796,6.088006,2.887177367,4.2169437,5.304868,1132.247424,2336.649318,551.7609827,2440.400508,2067.227599,4842.222354,46.20748389,0.849280486,6
117.4538352,2232.581445,187.8726531,6.424524,3.41489798,4.895372,5.7520776,814.3134218,1743.175342,584.7809174,2136.275888,1830.323863,3700.524332,47.70370723,2.265616513,6
135.9991776,1674.37568,146.3902041,8.376354,5.377275354,6.8290396,7.3730707,1191.762329,2412.018357,713.0460462,2899.240303,2700.46851,5707.149227,44.4648791,2.567370178,6
112.3471467,2183.443078,178.0506122,6.852995,3.607817122,4.9108424,6.3717613,909.3935495,1891.090994,564.9586311,2201.041432,1973.112033,3982.015444,39.35996935,3.66242763,6
112.3471467,1529.660558,125.8318367,7.55942,3.712955765,5.1874995,6.608914,1127.10262,2637.277706,552.6413714,2819.520903,2201.452222,6011.823992,41.20933597,2.070761345,6
129.1992188,2179.712207,184.9469388,6.111054,4.497657431,5.1912355,5.104862,1083.612031,2038.056751,801.0321866,2489.425179,2758.0357,4600.004162,50.46351459,-3.923693115,6